edad,genero,region,dispositivo,categoria_preferida,nivel_membresia,frecuencia_visitas_mes,tiempo_promedio_sesion_min,paginas_vistas_sesion,items_en_carrito,uso_cupon,dias_desde_ultima_compra,numero_compras_previas,tiene_app,calificacion_promedio_dada,monto_compra_promedio
56,Femenino,Norte,Desktop,Ropa,Bronce,9,8.2,6,4,0,171.0,9,1,3.4,218.87
69,Masculino,Oeste,Mobile,Electronica,Plata,7,1.3,18,2,0,137.0,8,1,3.1,242.95
46,Masculino,Centro,Mobile,Libros,Bronce,12,16.8,16,5,1,19.0,9,0,3.9,307.08
32,Masculino,Este,Desktop,Libros,Bronce,10,3.9,7,1,1,140.0,2,1,4.7,146.26
60,Masculino,Norte,Mobile,Ropa,Bronce,4,7.0,15,3,0,155.0,3,1,4.0,186.45
25,Masculino,Este,Mobile,Deportes,Platino,3,1.1,15,3,0,112.0,3,1,4.8,304.82
38,Masculino,Este,Desktop,Ropa,Platino,5,4.1,26,4,0,58.0,11,1,3.4,355.2
56,Masculino,Centro,Desktop,Hogar,Bronce,10,18.3,28,6,1,25.0,4,1,4.2,330.2
36,Masculino,Sur,Mobile,Electronica,Bronce,5,2.0,18,4,1,45.0,2,0,4.1,179.53
40,Femenino,Sur,Desktop,Deportes,Bronce,4,12.5,9,5,0,102.0,5,0,4.2,242.68
28,Femenino,Norte,Mobile,Electronica,Oro,10,29.9,9,4,0,48.0,7,1,4.1,329.05
28,Femenino,Centro,Mobile,Deportes,Plata,6,13.7,20,3,1,50.0,2,1,3.1,233.25
41,Femenino,Este,Mobile,Deportes,Plata,10,20.0,10,2,0,81.0,5,1,2.9,245.0
53,Femenino,Oeste,Mobile,Hogar,Plata,11,1.4,12,3,0,44.0,2,1,4.9,267.79
57,Masculino,Oeste,Tablet,Electronica,Oro,5,3.5,14,2,0,59.0,1,1,2.6,279.09
41,Femenino,Norte,Mobile,Ropa,Bronce,8,27.0,14,4,0,161.0,6,1,3.7,257.55
20,Femenino,Norte,Desktop,Ropa,Bronce,6,15.1,28,3,0,103.0,4,0,3.6,202.92
39,Femenino,Norte,Desktop,Ropa,Bronce,9,12.2,25,2,1,78.0,7,1,3.4,273.97
19,Masculino,Centro,Tablet,Electronica,Plata,11,13.1,20,4,0,156.0,7,0,4.5,266.44
41,Masculino,Oeste,Mobile,Libros,Platino,13,6.4,27,1,0,18.0,6,0,4.4,324.63
61,Masculino,Centro,Desktop,Hogar,Bronce,4,1.0,22,3,0,161.0,6,0,4.8,162.19
47,Masculino,Centro,Tablet,Ropa,Bronce,8,18.4,20,3,1,116.0,6,0,3.5,198.0
55,Femenino,Este,Mobile,Ropa,Platino,5,13.6,6,3,0,106.0,7,0,3.9,295.35
19,Femenino,Centro,Mobile,Ropa,Bronce,11,7.7,17,4,0,143.0,4,0,4.7,208.47
38,Masculino,Centro,Mobile,Hogar,Bronce,8,27.6,10,0,0,11.0,9,0,5.0,257.7
50,Otro,Este,Desktop,Ropa,Oro,3,4.9,29,2,1,,4,0,4.9,199.32
29,Femenino,Sur,Desktop,Libros,Oro,10,4.2,21,2,0,143.0,6,1,4.3,253.86
39,Masculino,Este,Mobile,Ropa,Plata,12,24.7,23,2,0,62.0,7,1,2.9,270.8
61,Masculino,Norte,Desktop,Libros,Oro,7,19.1,4,5,0,48.0,4,1,2.6,277.35
42,Masculino,Sur,Mobile,Deportes,Oro,8,8.7,20,2,0,94.0,6,1,4.6,272.14
66,Masculino,Oeste,Desktop,Electronica,Bronce,2,1.7,6,2,1,143.0,2,1,4.6,151.11
44,Masculino,Centro,Mobile,Libros,Plata,6,2.9,9,2,0,87.0,6,1,4.4,243.86
59,Masculino,Sur,Desktop,Electronica,Plata,2,,15,3,0,171.0,4,0,3.2,174.55
45,Masculino,Oeste,Mobile,Deportes,Platino,11,5.8,25,3,0,50.0,3,0,,306.23
33,Masculino,Este,Mobile,Ropa,Platino,11,21.7,4,5,0,60.0,3,1,,286.44
32,Femenino,Este,Desktop,Deportes,Bronce,8,35.9,25,3,0,59.0,5,1,3.6,280.84
64,Masculino,Norte,Mobile,Deportes,Plata,14,19.7,14,2,1,15.0,3,1,3.5,269.04
68,Femenino,Norte,Mobile,Deportes,Bronce,13,5.7,12,6,0,29.0,4,1,4.8,347.62
61,Masculino,Sur,Tablet,Deportes,Bronce,2,18.7,9,5,0,40.0,3,0,3.1,233.49
69,Otro,Centro,Mobile,Ropa,Plata,12,5.2,20,4,1,31.0,6,1,3.9,309.35
20,Masculino,Este,Desktop,Electronica,Plata,7,2.2,11,3,0,73.0,9,1,3.4,220.71
54,Masculino,Sur,Mobile,Ropa,Plata,9,1.0,27,3,0,11.0,5,1,4.2,268.73
68,Femenino,Sur,Mobile,Electronica,Plata,6,5.8,19,1,1,81.0,6,1,3.9,205.36
24,Femenino,Sur,Mobile,Hogar,Oro,8,28.1,27,2,1,62.0,4,0,4.8,261.77
38,Femenino,Norte,Tablet,Ropa,Oro,9,3.3,19,5,0,136.0,3,0,2.8,243.09
26,Masculino,Este,Mobile,Libros,Oro,7,,26,2,1,51.0,9,0,3.1,235.38
56,Masculino,Norte,Desktop,Hogar,Bronce,8,42.0,8,5,0,57.0,3,0,4.4,277.03
35,Femenino,Norte,Tablet,Deportes,Oro,6,1.0,17,5,0,132.0,9,0,3.4,284.96
21,Femenino,Sur,Mobile,Electronica,Platino,7,18.5,7,2,0,,4,1,2.9,233.33
42,Femenino,Oeste,Desktop,Deportes,Bronce,10,4.7,17,5,1,147.0,8,1,3.8,282.52
31,Femenino,Oeste,Desktop,Libros,Plata,9,1.0,17,5,0,24.0,3,1,4.1,234.63
67,Masculino,Oeste,Mobile,Ropa,Platino,9,30.0,24,2,0,41.0,3,1,2.6,368.75
26,Femenino,Sur,Mobile,Hogar,Plata,2,1.8,25,4,1,49.0,5,0,,211.3
43,Masculino,Centro,Mobile,Deportes,Plata,6,9.6,29,1,0,174.0,8,0,4.5,209.45
19,Masculino,Este,Desktop,Electronica,Bronce,9,3.8,2,3,0,36.0,3,1,3.8,165.52
37,Masculino,Sur,Desktop,Ropa,Plata,4,1.0,25,6,0,10.0,4,0,2.6,274.63
45,Femenino,Sur,Mobile,Ropa,Plata,13,1.0,20,4,0,78.0,8,1,3.2,293.66
64,Masculino,Norte,Mobile,Electronica,Bronce,8,1.5,4,2,0,135.0,3,1,4.1,166.7
24,Masculino,Oeste,Tablet,Ropa,Plata,11,1.0,7,6,0,140.0,3,0,3.0,178.93
61,Femenino,Sur,Mobile,Electronica,Bronce,6,17.2,5,5,0,86.0,2,1,4.6,196.19
25,Masculino,Centro,Desktop,Electronica,Oro,8,8.0,5,4,0,176.0,7,0,4.2,218.09
64,Femenino,Este,Mobile,Electronica,Platino,7,5.0,5,7,0,165.0,2,1,3.7,303.65
52,Masculino,Centro,Desktop,Libros,Plata,11,6.5,11,5,0,164.0,6,0,4.8,246.77
31,Femenino,Sur,Tablet,Ropa,Plata,8,31.7,10,4,0,60.0,5,0,3.5,258.12
34,Femenino,Sur,Mobile,Libros,Plata,11,,9,3,0,96.0,6,1,3.1,255.14
53,Masculino,Norte,Mobile,Ropa,Bronce,2,15.1,20,2,0,8.0,2,1,4.2,223.81
67,Masculino,Centro,Mobile,Ropa,Platino,5,25.9,18,3,1,135.0,10,1,3.9,321.84
57,Masculino,Norte,Mobile,Ropa,Bronce,5,4.6,18,3,1,107.0,3,1,3.3,231.62
21,Masculino,Centro,Mobile,Ropa,Bronce,6,5.8,2,3,0,171.0,6,1,3.4,127.47
19,Otro,Oeste,Desktop,Electronica,Plata,12,11.4,21,3,0,,5,1,3.5,262.21
23,Masculino,Oeste,Mobile,Hogar,Plata,5,11.7,15,0,0,81.0,7,1,3.2,185.05
59,Femenino,Centro,Mobile,Electronica,Bronce,7,7.9,23,6,0,86.0,6,1,4.3,273.37
21,Masculino,Norte,Desktop,Hogar,Bronce,7,6.1,21,3,1,174.0,7,1,4.1,182.04
46,Femenino,Oeste,Desktop,Hogar,Oro,13,51.4,28,4,0,34.0,4,1,3.6,401.22
35,Femenino,Sur,Mobile,Electronica,Bronce,9,20.7,12,0,0,84.0,7,1,3.5,190.65
43,Femenino,Este,Desktop,Electronica,Bronce,8,6.9,4,1,1,117.0,2,0,3.4,109.49
61,Masculino,Norte,Desktop,Deportes,Bronce,8,15.6,25,2,0,22.0,6,0,3.2,237.92
51,Masculino,Centro,Desktop,Ropa,Bronce,4,3.8,9,1,0,149.0,7,1,2.7,169.7
27,Masculino,Este,Mobile,Electronica,Plata,10,1.3,23,4,0,15.0,5,1,3.2,337.54
53,Femenino,Este,Mobile,Libros,Plata,13,5.2,26,2,0,133.0,4,1,3.3,242.87
31,Femenino,Sur,Desktop,Electronica,Oro,6,6.2,29,4,0,102.0,5,1,3.9,310.49
48,Femenino,Norte,Desktop,Hogar,Bronce,9,1.0,11,4,1,145.0,2,0,4.4,164.72
65,Masculino,Este,Desktop,Libros,Bronce,9,20.2,18,2,0,147.0,8,0,3.5,243.86
32,Femenino,Norte,Mobile,Electronica,Bronce,9,5.3,9,5,0,5.0,5,1,,274.38
25,Femenino,Sur,Desktop,Electronica,Bronce,3,10.4,23,5,1,23.0,6,1,4.6,252.22
31,Masculino,Centro,Desktop,Electronica,Bronce,8,1.0,2,1,0,83.0,5,1,5.0,161.6
40,Masculino,Este,Mobile,Ropa,Bronce,9,2.3,21,5,0,14.0,6,0,4.7,253.7
57,Femenino,Este,Mobile,Electronica,Bronce,7,26.5,22,2,0,10.0,8,1,4.0,273.78
38,Femenino,Este,Desktop,Hogar,Plata,6,11.3,8,1,0,31.0,7,0,,212.74
33,Femenino,Norte,Desktop,Electronica,Bronce,4,36.0,25,5,0,141.0,0,1,2.8,203.19
62,Masculino,Este,Mobile,Ropa,Bronce,16,80.2,10,6,1,127.0,4,1,4.3,335.39
35,Femenino,Norte,Desktop,Libros,Bronce,11,5.6,29,1,0,150.0,7,1,4.0,247.39
64,Masculino,Oeste,Desktop,Deportes,Bronce,9,4.3,13,5,0,37.0,7,1,3.8,285.72
41,Masculino,Oeste,Desktop,Hogar,Plata,7,23.5,23,3,0,167.0,2,1,4.2,269.72
43,Masculino,Norte,Desktop,Ropa,Bronce,13,79.0,27,0,1,138.0,3,0,3.6,290.54
42,Femenino,Oeste,Desktop,Hogar,Bronce,4,11.9,10,1,0,31.0,9,1,3.8,209.65
62,Femenino,Sur,Mobile,Ropa,Bronce,10,19.0,21,5,1,171.0,7,0,3.5,247.28
58,Femenino,Sur,Mobile,Ropa,Bronce,8,18.3,25,2,0,99.0,8,1,4.3,260.61
46,Masculino,Oeste,Desktop,Electronica,Oro,8,5.3,4,3,1,164.0,4,1,4.7,202.14
32,Femenino,Centro,Mobile,Deportes,Platino,5,10.2,5,3,1,35.0,2,1,4.6,244.02
62,Masculino,Norte,Desktop,Ropa,Bronce,9,21.5,11,4,1,111.0,6,0,4.5,249.18
18,Femenino,Oeste,Desktop,Electronica,Plata,5,14.0,5,3,0,68.0,2,0,2.5,181.02
42,Masculino,Norte,Mobile,Ropa,Bronce,6,1.0,23,4,0,117.0,4,0,4.8,252.87
24,Masculino,Oeste,Desktop,Ropa,Bronce,8,4.9,10,3,0,126.0,9,0,3.2,202.08
26,Masculino,Sur,Mobile,Deportes,Bronce,5,1.9,23,7,0,175.0,4,0,4.7,191.3
41,Masculino,Centro,Mobile,Hogar,Oro,13,3.2,2,3,1,6.0,3,1,3.0,284.85
18,Femenino,Norte,Mobile,Deportes,Bronce,11,,6,3,0,119.0,4,1,3.6,197.53
61,Femenino,Centro,Tablet,Electronica,Platino,9,,10,1,0,,2,1,4.4,288.12
25,Masculino,Sur,Mobile,Ropa,Plata,6,3.0,6,3,0,30.0,7,0,4.1,203.44
41,Femenino,Este,Desktop,Ropa,Bronce,9,4.4,7,2,0,155.0,7,0,3.5,133.77
28,Masculino,Este,Mobile,Electronica,Oro,9,11.5,20,5,0,69.0,2,0,4.2,267.11
68,Femenino,Norte,Mobile,Ropa,Platino,3,9.2,9,6,0,108.0,4,0,3.9,292.42
34,Femenino,Sur,Mobile,Deportes,Oro,7,3.0,11,4,1,167.0,4,0,3.2,183.19
25,Femenino,Norte,Desktop,Electronica,Oro,8,2.2,12,4,0,35.0,5,0,4.1,250.82
52,Masculino,Norte,Mobile,Ropa,Bronce,8,3.2,14,2,1,103.0,6,1,3.0,212.96
52,Femenino,Norte,Mobile,Electronica,Bronce,7,8.4,21,3,0,44.0,6,1,4.2,303.88
50,Femenino,Centro,Desktop,Electronica,Bronce,6,,5,5,1,143.0,8,1,2.5,162.91
22,Masculino,Oeste,Mobile,Electronica,Plata,5,35.4,12,2,0,160.0,4,1,3.9,246.67
59,Masculino,Sur,Mobile,Libros,Platino,10,7.5,13,3,0,29.0,1,0,3.5,294.56
56,Femenino,Centro,Mobile,Deportes,Oro,5,1.0,6,3,0,6.0,4,1,3.3,282.9
58,Femenino,Oeste,Mobile,Libros,Oro,8,15.7,11,3,0,27.0,6,0,3.8,257.79
45,Femenino,Norte,Desktop,Ropa,Bronce,8,4.8,26,4,0,28.0,3,0,4.1,258.46
24,Femenino,Este,Mobile,Electronica,Plata,8,12.7,25,3,1,133.0,4,0,4.9,165.91
26,Femenino,Centro,Mobile,Ropa,Oro,6,3.9,8,0,0,169.0,1,0,4.6,157.13
25,Masculino,Sur,Desktop,Ropa,Plata,8,10.1,22,3,0,56.0,7,1,4.3,282.75
29,Masculino,Sur,Desktop,Deportes,Plata,7,17.7,10,2,0,112.0,2,1,3.7,211.62
51,Masculino,Oeste,Desktop,Electronica,Oro,10,31.6,10,6,0,54.0,9,1,3.5,359.15
50,Femenino,Centro,Desktop,Ropa,Plata,7,3.6,11,1,0,80.0,6,0,2.6,212.56
65,Masculino,Norte,Desktop,Electronica,Platino,8,4.9,11,2,1,105.0,5,1,3.4,294.66
40,Femenino,Oeste,Desktop,Ropa,Plata,9,7.5,3,2,0,18.0,10,1,4.6,259.85
41,Femenino,Sur,Desktop,Hogar,Bronce,8,31.4,5,1,1,43.0,7,1,3.5,228.38
54,Femenino,Centro,Desktop,Ropa,Plata,6,27.8,9,4,1,89.0,5,1,3.7,260.47
52,Masculino,Este,Desktop,Ropa,Bronce,9,1.1,15,5,1,74.0,4,1,3.2,244.44
61,Femenino,Norte,Mobile,Ropa,Plata,7,1.7,18,2,0,157.0,11,1,3.2,250.59
57,Masculino,Sur,Desktop,Ropa,Bronce,8,8.2,14,4,0,10.0,4,1,2.7,263.36
39,Femenino,Centro,Desktop,Deportes,Platino,11,1.4,22,4,0,134.0,3,0,4.0,311.05
44,Masculino,Este,Desktop,Deportes,Oro,7,5.1,25,3,1,89.0,1,0,3.6,232.67
52,Masculino,Sur,Mobile,Libros,Bronce,9,1.9,19,4,0,132.0,7,1,4.0,212.43
18,Femenino,Este,Mobile,Deportes,Bronce,8,12.1,19,2,0,34.0,5,1,3.9,227.62
52,Masculino,Sur,Mobile,Ropa,Plata,6,35.8,14,2,1,83.0,7,1,4.5,301.39
54,Masculino,Oeste,Mobile,Hogar,Oro,6,68.7,9,3,0,161.0,5,1,4.4,334.32
64,Femenino,Oeste,Mobile,Ropa,Bronce,14,5.6,27,3,0,132.0,2,0,4.4,246.27
31,Femenino,Oeste,Mobile,Ropa,Bronce,12,11.0,13,2,0,172.0,5,1,3.7,188.35
20,Femenino,Centro,Mobile,Deportes,Plata,5,23.3,26,2,0,98.0,9,0,3.4,264.04
18,Femenino,Oeste,Mobile,Electronica,Plata,12,1.5,24,6,0,31.0,11,1,4.8,337.75
22,Femenino,Centro,Desktop,Libros,Bronce,8,14.0,25,2,1,80.0,6,0,2.6,176.05
43,Masculino,Norte,Desktop,Ropa,Oro,7,6.3,22,4,1,,6,1,2.9,324.59
31,Masculino,Oeste,Mobile,Hogar,Platino,4,2.8,2,2,1,2.0,3,0,3.5,212.3
56,Masculino,Centro,Desktop,Hogar,Bronce,5,6.2,21,4,0,36.0,8,1,4.0,297.18
44,Femenino,Sur,Mobile,Deportes,Plata,5,1.0,19,3,0,125.0,3,1,2.5,244.05
26,Femenino,Centro,Mobile,Hogar,Bronce,4,14.3,4,0,0,151.0,8,0,4.3,136.33
32,Masculino,Centro,Desktop,Hogar,Bronce,7,3.5,13,4,0,103.0,7,1,3.9,187.17
32,Masculino,Sur,Desktop,Electronica,Bronce,9,4.5,20,2,0,175.0,6,1,3.7,190.18
43,Femenino,Centro,Desktop,Ropa,Plata,7,1.5,26,2,0,116.0,6,0,3.6,221.85
59,Masculino,Sur,Mobile,Electronica,Oro,6,24.0,14,3,0,101.0,3,1,3.8,280.8
30,Femenino,Este,Desktop,Hogar,Plata,7,8.2,11,6,0,46.0,7,0,2.9,268.11
68,Femenino,Oeste,Mobile,Ropa,Bronce,4,10.2,16,5,1,80.0,4,0,2.8,234.87
49,Femenino,Norte,Mobile,Hogar,Bronce,9,10.1,21,5,0,107.0,4,1,3.2,245.26
56,Masculino,Centro,Mobile,Electronica,Plata,10,,3,0,0,44.0,10,1,4.3,242.38
66,Femenino,Sur,Desktop,Electronica,Bronce,11,2.6,20,4,0,147.0,6,0,4.0,229.29
69,Femenino,Oeste,Mobile,Hogar,Bronce,11,16.4,4,4,0,49.0,2,0,3.7,261.28
49,Femenino,Centro,Mobile,Electronica,Plata,8,1.6,15,3,0,88.0,4,1,3.9,239.79
21,Femenino,Oeste,Desktop,Electronica,Platino,10,1.3,8,4,0,58.0,3,1,3.9,262.1
47,Femenino,Este,Mobile,Electronica,Bronce,9,14.9,9,2,0,91.0,9,0,3.3,169.34
54,Femenino,Centro,Mobile,Libros,Plata,8,2.8,12,2,0,135.0,6,1,2.7,231.63
40,Masculino,Sur,Mobile,Hogar,Bronce,3,4.4,23,1,1,94.0,3,0,4.7,130.56
56,Femenino,Este,Mobile,Ropa,Plata,5,7.7,21,5,0,169.0,7,0,4.0,271.06
62,Femenino,Centro,Desktop,Ropa,Plata,7,7.2,7,2,0,78.0,5,1,4.2,207.56
32,Masculino,Oeste,Desktop,Ropa,Oro,7,14.8,12,0,0,122.0,7,1,3.7,221.79
60,Femenino,Este,Mobile,Deportes,Plata,8,11.7,18,3,0,143.0,7,0,4.4,219.38
46,Femenino,Sur,Mobile,Hogar,Bronce,5,12.4,11,3,1,76.0,2,1,4.0,199.25
53,Femenino,Centro,Desktop,Electronica,Bronce,7,15.0,25,4,0,53.0,7,0,2.6,277.72
30,Masculino,Oeste,Mobile,Electronica,Bronce,7,4.2,18,2,0,23.0,3,1,4.7,222.11
49,Masculino,Oeste,Desktop,Electronica,Plata,7,4.7,22,4,0,77.0,7,0,3.3,239.09
24,Otro,Este,Mobile,Hogar,Oro,7,6.9,3,4,1,73.0,5,1,2.8,216.94
68,Femenino,Centro,Mobile,Deportes,Plata,10,4.4,7,0,0,,8,0,2.7,217.64
39,Masculino,Oeste,Tablet,Ropa,Oro,7,50.3,26,1,1,103.0,3,1,4.3,256.97
45,Femenino,Este,Desktop,Electronica,Bronce,9,20.2,6,4,0,,7,1,4.3,240.51
19,Femenino,Norte,Mobile,Electronica,Plata,7,2.2,5,1,1,60.0,4,0,4.3,188.76
59,Femenino,Oeste,Mobile,Libros,Bronce,5,1.0,3,3,1,10.0,3,0,4.8,172.9
62,Femenino,Este,Mobile,Ropa,Bronce,8,1.0,13,2,1,102.0,3,1,3.4,146.49
23,Masculino,Norte,Mobile,Deportes,Plata,12,3.4,4,3,0,58.0,2,0,,184.39
45,Masculino,Este,Tablet,Hogar,Oro,4,1.5,7,0,0,175.0,9,1,4.0,188.03
45,Masculino,Oeste,Desktop,Ropa,Bronce,9,9.1,25,0,0,143.0,10,1,4.9,278.53
61,Femenino,Norte,Mobile,Electronica,Plata,7,23.4,15,4,0,9.0,7,1,3.3,366.32
61,Masculino,Este,Mobile,Electronica,Oro,9,16.0,9,1,0,13.0,7,1,4.9,329.87
37,Masculino,Centro,Desktop,Hogar,Bronce,10,2.9,22,2,1,151.0,4,1,2.9,169.7
47,Masculino,Norte,Mobile,Deportes,Oro,6,6.1,22,1,0,161.0,4,1,4.4,273.64
28,Femenino,Este,Desktop,Hogar,Bronce,11,8.5,27,5,0,137.0,5,1,4.1,228.66
45,Femenino,Centro,Desktop,Ropa,Bronce,6,19.9,15,1,0,131.0,3,1,4.5,216.49
42,Masculino,Norte,Desktop,Electronica,Bronce,9,21.9,4,3,0,73.0,7,0,2.6,231.18
56,Masculino,Este,Desktop,Libros,Bronce,9,28.9,17,2,1,116.0,4,1,2.7,216.9
50,Femenino,Oeste,Desktop,Deportes,Oro,7,8.5,16,3,1,153.0,4,1,2.7,271.78
18,Masculino,Norte,Tablet,Ropa,Oro,7,14.2,8,1,1,125.0,4,0,4.0,168.26
44,Masculino,Norte,Mobile,Libros,Bronce,8,1.4,16,5,1,111.0,8,0,4.0,182.95
69,Masculino,Centro,Desktop,Hogar,Bronce,12,10.0,14,1,0,71.0,5,1,4.8,268.85
30,Masculino,Este,Mobile,Hogar,Bronce,7,3.4,7,3,0,164.0,3,1,3.7,153.25
58,Masculino,Oeste,Mobile,Hogar,Plata,4,6.8,16,4,0,89.0,11,0,2.7,279.9
20,Femenino,Centro,Mobile,Deportes,Bronce,7,,18,4,0,20.0,7,1,3.0,295.04
56,Masculino,Norte,Desktop,Hogar,Plata,7,3.6,5,1,0,81.0,5,0,2.5,168.26
23,Femenino,Centro,Mobile,Electronica,Oro,7,1.0,23,4,1,90.0,6,0,4.4,251.52
25,Masculino,Centro,Desktop,Ropa,Plata,5,1.0,28,1,0,19.0,2,1,,271.74
44,Femenino,Centro,Desktop,Libros,Platino,7,1.0,23,2,0,165.0,1,1,5.0,287.62
26,Femenino,Norte,Mobile,Electronica,Bronce,6,1.0,28,3,1,112.0,3,1,3.5,169.91
54,Masculino,Sur,Desktop,Ropa,Platino,7,,15,5,0,131.0,5,1,2.5,291.2
50,Femenino,Centro,Desktop,Ropa,Bronce,7,3.3,16,3,0,107.0,7,1,3.1,208.16
68,Masculino,Sur,Desktop,Ropa,Bronce,11,3.0,29,5,0,121.0,3,0,4.0,243.24
59,Femenino,Oeste,Mobile,Hogar,Oro,10,51.9,13,1,1,92.0,4,1,4.9,318.31
61,Masculino,Oeste,Desktop,Libros,Oro,8,4.4,20,2,0,147.0,2,0,2.8,236.94
41,Masculino,Oeste,Desktop,Electronica,Oro,11,1.6,23,2,1,174.0,5,0,2.8,229.5
32,Masculino,Este,Mobile,Electronica,Bronce,7,9.5,29,4,0,80.0,2,1,4.3,222.98
49,Otro,Norte,Mobile,Electronica,Platino,11,23.4,11,1,1,31.0,5,0,4.2,297.21
49,Femenino,Sur,Mobile,Deportes,Bronce,4,13.6,7,2,0,53.0,7,1,3.1,157.23
41,Femenino,Este,Desktop,Hogar,Bronce,6,4.2,29,1,0,113.0,3,0,4.5,184.57
58,Masculino,Sur,Mobile,Ropa,Bronce,8,9.9,26,2,0,34.0,6,0,2.8,272.47
69,Femenino,Norte,Mobile,Deportes,Oro,12,15.1,10,4,0,31.0,3,0,4.8,285.9
66,Masculino,Centro,Desktop,Deportes,Plata,6,15.6,3,1,0,139.0,10,1,3.0,240.91
66,Femenino,Este,Mobile,Deportes,Plata,6,13.2,5,8,0,6.0,5,0,2.7,294.56
69,Masculino,Norte,Tablet,Libros,Bronce,8,24.6,10,6,0,27.0,3,1,3.3,316.68
29,Masculino,Este,Mobile,Ropa,Bronce,10,24.5,16,4,0,7.0,7,1,3.0,285.97
56,Masculino,Oeste,Mobile,Deportes,Bronce,9,10.4,14,4,0,49.0,3,0,3.8,242.7
19,Masculino,Este,Mobile,Ropa,Plata,13,6.7,21,2,0,96.0,5,1,4.2,251.06
20,Femenino,Centro,Tablet,Deportes,Plata,8,12.3,9,3,0,60.0,4,1,3.7,264.47
66,Masculino,Centro,Desktop,Hogar,Plata,11,20.5,27,5,1,33.0,7,1,4.2,366.19
54,Femenino,Sur,Tablet,Deportes,Platino,10,1.0,29,3,1,47.0,4,0,,301.66
66,Masculino,Este,Desktop,Hogar,Bronce,11,57.9,20,3,0,172.0,4,0,2.6,268.65
34,Femenino,Oeste,Mobile,Electronica,Bronce,13,2.4,20,1,1,119.0,3,0,4.9,155.66
66,Masculino,Centro,Mobile,Ropa,Plata,6,7.6,26,3,0,27.0,6,1,4.5,316.38
19,Masculino,Sur,Mobile,Libros,Plata,12,24.7,17,3,1,22.0,10,1,2.7,283.25
19,Femenino,Oeste,Desktop,Libros,Plata,7,3.1,12,3,0,47.0,3,1,3.6,203.9
45,Masculino,Oeste,Tablet,Electronica,Platino,9,7.8,11,3,0,93.0,5,1,4.1,314.94
40,Masculino,Oeste,Mobile,Electronica,Plata,5,1.7,9,2,0,176.0,4,0,3.0,155.13
54,Femenino,Norte,Desktop,Electronica,Bronce,8,6.0,2,3,0,158.0,5,1,3.9,209.6
49,Femenino,Centro,Tablet,Hogar,Bronce,10,2.3,11,3,0,2.0,2,1,3.8,221.99
50,Masculino,Norte,Mobile,Deportes,Oro,9,5.4,19,5,0,143.0,3,1,3.0,242.06
18,Masculino,Norte,Desktop,Electronica,Oro,2,5.6,4,1,0,47.0,4,0,2.9,167.42
36,Femenino,Centro,Mobile,Ropa,Bronce,8,59.8,12,3,1,27.0,6,1,4.4,243.8
19,Masculino,Este,Desktop,Deportes,Bronce,7,63.1,19,5,0,27.0,7,1,,333.71
61,Masculino,Sur,Mobile,Hogar,Plata,4,1.5,4,2,0,141.0,4,0,3.1,125.95
43,Masculino,Centro,Mobile,Ropa,Plata,8,15.5,9,2,1,145.0,7,1,4.3,192.79
49,Femenino,Sur,Mobile,Hogar,Bronce,13,1.0,28,2,0,75.0,4,1,4.3,243.84
23,Femenino,Este,Tablet,Ropa,Plata,5,1.0,28,3,1,10.0,5,1,3.2,288.2
49,Masculino,Centro,Desktop,Ropa,Bronce,4,1.3,29,1,0,121.0,6,0,4.7,162.14
21,Masculino,Oeste,Mobile,Hogar,Platino,9,40.4,15,2,0,33.0,9,0,4.2,342.69
28,Masculino,Centro,Tablet,Hogar,Bronce,4,33.9,7,1,0,165.0,3,0,3.4,148.58
34,Femenino,Este,Desktop,Deportes,Oro,6,2.6,16,2,0,126.0,9,1,3.6,295.12
55,Masculino,Norte,Desktop,Hogar,Plata,8,2.1,15,2,0,8.0,6,1,4.3,294.06
41,Masculino,Centro,Mobile,Deportes,Bronce,11,3.3,8,2,0,161.0,2,1,3.0,188.31
22,Femenino,Oeste,Mobile,Electronica,Plata,8,8.7,11,3,0,135.0,9,1,3.7,254.15
69,Masculino,Centro,Desktop,Ropa,Bronce,4,10.1,16,2,0,162.0,4,0,4.1,146.99
51,Femenino,Norte,Mobile,Electronica,Plata,6,3.0,11,1,0,71.0,5,1,3.8,228.59
23,Masculino,Centro,Mobile,Electronica,Plata,9,17.0,23,4,0,135.0,5,0,4.0,267.52
39,Masculino,Oeste,Mobile,Hogar,Bronce,9,4.4,18,3,1,41.0,4,1,3.9,196.27
28,Masculino,Este,Mobile,Libros,Bronce,6,30.6,28,3,0,118.0,3,1,3.0,220.73
65,Femenino,Oeste,Mobile,Electronica,Oro,10,12.8,20,1,1,55.0,5,1,,272.78
33,Femenino,Este,Tablet,Ropa,Bronce,6,6.9,18,7,0,7.0,4,1,3.8,299.9
50,Femenino,Oeste,Mobile,Deportes,Plata,4,18.7,13,5,1,84.0,3,0,4.5,236.51
26,Masculino,Sur,Mobile,Electronica,Bronce,4,20.4,16,1,0,146.0,5,1,4.1,164.46
23,Femenino,Centro,Mobile,Hogar,Platino,8,4.1,27,5,0,171.0,6,1,3.6,286.98
33,Masculino,Centro,Desktop,Hogar,Plata,9,5.0,13,3,0,78.0,9,1,4.9,265.82
46,Masculino,Norte,Desktop,Hogar,Plata,10,33.0,26,7,0,168.0,3,1,,310.31
20,Femenino,Sur,Desktop,Electronica,Bronce,13,2.2,10,2,0,53.0,5,0,3.0,185.82
37,Masculino,Norte,Mobile,Ropa,Bronce,11,1.0,6,2,0,14.0,7,0,3.4,171.03
53,Masculino,Centro,Mobile,Deportes,Bronce,8,7.3,5,2,0,149.0,5,0,3.1,160.91
36,Masculino,Norte,Desktop,Hogar,Bronce,11,19.4,13,3,0,113.0,2,0,4.1,187.21
43,Masculino,Este,Tablet,Electronica,Plata,1,17.7,17,3,0,57.0,5,1,2.6,216.31
20,Masculino,Sur,Desktop,Deportes,Plata,14,30.2,10,2,0,91.0,7,0,2.9,210.76
36,Femenino,Oeste,Mobile,Electronica,Bronce,10,9.1,26,2,0,46.0,8,1,3.2,229.49
37,Masculino,Este,Mobile,Hogar,Plata,9,1.3,4,1,1,154.0,2,0,4.2,126.3
49,Femenino,Oeste,Mobile,Electronica,Bronce,10,10.7,22,4,0,91.0,3,1,4.7,261.76
24,Femenino,Norte,Desktop,Libros,Bronce,6,18.1,4,8,1,152.0,6,1,4.5,231.57
69,Masculino,Centro,Mobile,Ropa,Oro,12,1.2,27,5,0,133.0,3,0,3.0,318.93
58,Masculino,Este,Mobile,Ropa,Plata,6,2.3,19,3,0,170.0,6,1,3.9,220.7
50,Masculino,Sur,Mobile,Electronica,Plata,11,1.0,18,4,0,102.0,10,1,2.6,317.56
57,Femenino,Oeste,Mobile,Ropa,Bronce,7,10.8,29,3,0,106.0,2,0,3.3,209.7
56,Masculino,Este,Mobile,Deportes,Bronce,7,26.1,11,3,1,171.0,6,1,4.5,223.07
35,Femenino,Centro,Mobile,Libros,Bronce,7,,3,5,0,128.0,5,0,3.6,182.46
57,Masculino,Sur,Desktop,Ropa,Oro,3,48.2,25,4,0,32.0,3,0,2.9,349.73
18,Femenino,Sur,Mobile,Ropa,Plata,5,1.0,12,3,0,6.0,4,1,3.6,221.94
28,Masculino,Oeste,Mobile,Hogar,Bronce,7,28.0,25,1,0,74.0,5,0,3.0,217.64
45,Masculino,Este,Mobile,Deportes,Oro,14,20.2,4,3,0,135.0,5,1,3.5,282.56
42,Femenino,Este,Mobile,Hogar,Plata,9,4.5,24,6,0,29.0,9,0,3.7,341.15
67,Femenino,Sur,Desktop,Ropa,Oro,4,43.6,24,2,0,34.0,6,0,3.4,315.25
40,Masculino,Norte,Mobile,Ropa,Bronce,12,4.1,3,1,0,7.0,4,1,4.8,162.57
48,Femenino,Sur,Desktop,Hogar,Bronce,9,26.4,10,3,0,81.0,3,1,,211.95
47,Femenino,Centro,Desktop,Electronica,Bronce,5,25.5,20,4,1,77.0,4,1,4.6,273.32
59,Femenino,Este,Desktop,Hogar,Bronce,5,17.0,3,2,0,58.0,2,0,4.4,174.84
52,Femenino,Oeste,Mobile,Ropa,Oro,7,9.9,29,1,0,85.0,5,1,4.2,298.28
24,Masculino,Este,Mobile,Deportes,Oro,13,1.5,20,3,0,,4,1,3.7,234.96
33,Masculino,Sur,Desktop,Electronica,Plata,10,9.1,3,2,0,73.0,2,1,2.5,203.56
43,Masculino,Centro,Mobile,Hogar,Oro,10,5.3,16,7,1,45.0,5,1,4.0,310.19
65,Femenino,Norte,Mobile,Ropa,Bronce,5,18.9,25,3,1,47.0,11,1,3.4,263.69
69,Femenino,Este,Desktop,Hogar,Platino,7,17.0,22,3,0,77.0,4,0,2.8,318.94
66,Masculino,Sur,Mobile,Electronica,Platino,5,29.0,4,6,0,73.0,6,0,3.6,359.33
19,Masculino,Sur,Mobile,Hogar,Plata,11,1.0,6,5,0,168.0,2,0,4.3,200.8
18,Femenino,Sur,Desktop,Hogar,Bronce,7,19.9,12,5,1,116.0,4,1,4.9,223.96
65,Otro,Centro,Tablet,Hogar,Oro,9,33.5,28,5,0,30.0,9,0,3.4,358.5
29,Femenino,Sur,Desktop,Hogar,Bronce,7,18.7,25,7,1,71.0,2,1,3.9,266.17
22,Masculino,Sur,Mobile,Hogar,Oro,8,1.7,8,1,0,145.0,5,0,4.6,182.72
54,Masculino,Sur,Mobile,Deportes,Bronce,6,1.0,7,4,0,103.0,4,1,3.3,162.7
49,Masculino,Este,Mobile,Ropa,Plata,2,1.0,15,0,1,133.0,5,0,2.9,139.9
26,Femenino,Sur,Mobile,Deportes,Plata,6,11.9,2,4,1,,3,1,3.2,185.12
58,Masculino,Centro,Desktop,Ropa,Bronce,6,11.9,27,6,0,122.0,4,0,4.7,275.37
52,Femenino,Este,Mobile,Electronica,Bronce,12,52.0,18,2,1,129.0,5,1,2.9,261.33
36,Masculino,Sur,Mobile,Electronica,Bronce,5,6.1,18,2,1,31.0,7,1,3.3,193.59
65,Femenino,Norte,Tablet,Ropa,Plata,5,4.8,15,3,1,163.0,6,1,3.7,246.0
33,Femenino,Centro,Desktop,Deportes,Oro,6,11.8,11,2,1,109.0,5,0,4.6,159.83
20,Femenino,Norte,Desktop,Hogar,Bronce,6,21.0,9,7,0,72.0,7,0,4.8,246.49
37,Masculino,Centro,Desktop,Deportes,Oro,9,33.1,9,2,1,158.0,5,1,3.6,206.84
41,Masculino,Norte,Desktop,Ropa,Bronce,12,19.5,15,4,1,127.0,9,0,4.8,214.8
50,Masculino,Sur,Mobile,Ropa,Plata,10,6.7,8,3,0,85.0,5,0,2.9,239.66
41,Femenino,Norte,Mobile,Electronica,Platino,5,12.1,7,2,0,15.0,5,1,2.9,263.47
69,Femenino,Norte,Mobile,Ropa,Bronce,10,23.3,5,3,0,56.0,8,0,4.9,222.27
28,Femenino,Centro,Mobile,Ropa,Platino,12,8.1,2,2,1,27.0,4,0,3.8,315.57
66,Femenino,Sur,Desktop,Electronica,Plata,4,2.9,16,1,1,2.0,2,1,3.0,188.7
25,Femenino,Centro,Mobile,Electronica,Bronce,8,2.2,26,3,0,74.0,5,0,3.7,248.7
53,Masculino,Sur,Mobile,Hogar,Oro,8,1.0,16,3,0,64.0,3,0,4.5,262.09
55,Femenino,Oeste,Mobile,Hogar,Bronce,7,15.2,2,0,0,5.0,2,1,4.6,178.12
57,Masculino,Este,Mobile,Libros,Bronce,6,1.4,21,2,0,91.0,5,0,4.7,217.15
37,Masculino,Este,Desktop,Libros,Plata,6,3.4,4,3,0,68.0,8,1,3.9,267.19
52,Femenino,Centro,Desktop,Hogar,Oro,8,4.2,24,1,0,141.0,3,0,4.7,210.69
65,Masculino,Sur,Desktop,Ropa,Oro,9,9.9,6,2,1,81.0,4,1,3.8,246.32
42,Masculino,Norte,Mobile,Hogar,Bronce,11,6.1,6,5,0,85.0,11,1,4.0,286.59
52,Femenino,Este,Desktop,Deportes,Platino,11,13.5,5,4,1,23.0,4,1,4.4,339.6
42,Masculino,Centro,Desktop,Electronica,Oro,6,1.0,18,2,0,97.0,7,0,3.6,273.75
46,Femenino,Centro,Desktop,Ropa,Platino,8,1.6,22,3,1,178.0,1,0,2.7,249.2
35,Masculino,Centro,Tablet,Deportes,Bronce,10,8.3,21,2,0,124.0,3,1,3.4,247.47
63,Masculino,Sur,Tablet,Ropa,Plata,6,4.9,15,2,0,37.0,2,0,4.1,234.14
35,Masculino,Centro,Tablet,Hogar,Oro,7,4.2,27,6,0,30.0,6,1,3.0,352.09
19,Masculino,Oeste,Desktop,Hogar,Bronce,6,1.0,9,2,0,151.0,3,1,,140.14
52,Femenino,Norte,Tablet,Electronica,Platino,8,27.1,3,3,0,162.0,5,1,3.2,290.46
33,Masculino,Centro,Mobile,Ropa,Bronce,8,14.1,9,2,0,117.0,8,0,2.6,198.42
58,Femenino,Sur,Desktop,Ropa,Bronce,13,1.6,2,3,1,9.0,8,0,4.4,230.05
53,Masculino,Norte,Tablet,Electronica,Platino,5,1.0,5,4,0,132.0,2,1,3.1,283.7
50,Femenino,Norte,Tablet,Electronica,Platino,9,44.2,20,1,1,66.0,6,1,2.8,366.35
21,Femenino,Este,Desktop,Deportes,Bronce,8,13.7,6,2,0,120.0,7,1,4.2,194.45
50,Femenino,Centro,Mobile,Ropa,Bronce,11,6.5,6,6,1,124.0,3,1,4.6,237.14
31,Masculino,Centro,Mobile,Ropa,Oro,7,14.5,22,1,0,161.0,4,1,2.5,209.64
38,Masculino,Sur,Mobile,Ropa,Platino,8,16.9,29,1,0,160.0,8,1,3.1,298.42
65,Masculino,Oeste,Desktop,Libros,Plata,4,18.2,21,3,0,44.0,6,0,4.9,305.22
37,Femenino,Oeste,Mobile,Ropa,Plata,7,7.8,25,3,1,109.0,5,1,3.5,277.35
25,Masculino,Este,Mobile,Ropa,Oro,8,6.7,20,1,0,37.0,2,1,4.8,211.43
24,Femenino,Oeste,Desktop,Deportes,Bronce,12,,13,2,0,67.0,6,0,3.2,171.1
20,Femenino,Sur,Desktop,Deportes,Platino,8,31.3,21,2,0,60.0,5,1,3.0,327.65
34,Masculino,Este,Tablet,Electronica,Bronce,7,11.1,2,3,0,36.0,8,0,3.0,173.24
50,Femenino,Centro,Desktop,Deportes,Plata,9,2.7,8,4,0,49.0,3,1,2.7,230.48
65,Masculino,Oeste,Desktop,Ropa,Plata,9,30.2,18,2,0,,5,0,4.7,263.91
29,Masculino,Sur,Desktop,Ropa,Plata,10,29.6,3,4,1,107.0,4,0,4.9,262.65
68,Femenino,Sur,Desktop,Electronica,Oro,4,54.3,12,4,0,8.0,7,1,4.9,338.36
39,Femenino,Centro,Mobile,Electronica,Platino,5,24.9,8,4,1,178.0,9,1,4.6,293.42
39,Femenino,Sur,Mobile,Hogar,Plata,10,73.3,18,5,0,41.0,6,1,4.6,399.44
63,Masculino,Este,Tablet,Ropa,Oro,13,3.4,28,4,0,101.0,13,0,4.2,382.69
47,Masculino,Este,Desktop,Ropa,Bronce,13,22.2,4,5,1,113.0,3,1,4.6,243.32
55,Femenino,Norte,Desktop,Hogar,Oro,7,20.8,23,2,0,109.0,7,0,3.0,331.3
55,Femenino,Centro,Mobile,Deportes,Bronce,8,3.2,7,2,0,166.0,5,0,3.5,154.76
62,Femenino,Sur,Mobile,Electronica,Bronce,6,1.2,23,5,1,86.0,6,0,4.1,267.54
68,Masculino,Oeste,Desktop,Hogar,Bronce,10,46.6,12,1,0,78.0,11,0,4.7,264.76
25,Femenino,Este,Mobile,Electronica,Plata,8,4.2,19,1,0,55.0,7,1,4.2,240.49
44,Masculino,Centro,Mobile,Deportes,Platino,5,24.6,19,1,0,110.0,4,1,4.6,269.9
44,Masculino,Centro,Mobile,Hogar,Plata,10,1.0,23,3,0,146.0,8,0,,266.62
51,Femenino,Este,Mobile,Libros,Bronce,13,1.0,11,2,0,65.0,6,1,4.3,229.49
38,Masculino,Norte,Desktop,Electronica,Bronce,3,7.5,6,6,0,64.0,4,0,4.9,216.15
47,Femenino,Centro,Tablet,Electronica,Plata,10,3.3,24,1,0,140.0,4,1,2.9,219.23
50,Masculino,Sur,Desktop,Ropa,Bronce,1,14.0,24,1,1,118.0,7,1,4.8,210.06
45,Masculino,Oeste,Desktop,Ropa,Bronce,5,10.0,22,2,0,,8,0,3.8,197.74
64,Femenino,Oeste,Desktop,Electronica,Plata,10,1.0,25,3,0,42.0,3,1,4.1,269.93
50,Femenino,Este,Desktop,Libros,Platino,13,2.1,27,3,0,117.0,8,0,4.7,319.0
22,Femenino,Centro,Mobile,Electronica,Plata,11,5.9,23,3,1,50.0,6,1,,258.99
65,Femenino,Oeste,Mobile,Ropa,Bronce,6,2.5,16,0,1,164.0,8,0,3.5,163.79
36,Femenino,Centro,Desktop,Deportes,Oro,9,18.9,22,3,1,48.0,3,1,3.8,342.65
21,Femenino,Este,Mobile,Ropa,Oro,11,6.5,21,3,1,73.0,3,1,2.5,267.77
52,Femenino,Norte,Desktop,Deportes,Oro,8,1.2,24,1,0,136.0,7,0,3.7,275.43
66,Masculino,Oeste,Mobile,Electronica,Bronce,6,7.9,5,1,0,153.0,6,0,3.2,112.06
34,Femenino,Sur,Desktop,Ropa,Plata,4,1.1,22,2,0,135.0,6,1,4.8,271.34
61,Masculino,Este,Tablet,Electronica,Platino,10,1.7,22,4,0,106.0,4,0,2.7,332.68
45,Otro,Norte,Mobile,Electronica,Bronce,13,3.3,2,4,0,8.0,3,0,3.6,215.32
47,Femenino,Sur,Mobile,Libros,Plata,6,23.6,16,5,0,110.0,7,1,4.9,297.8
46,Masculino,Sur,Desktop,Electronica,Bronce,6,31.0,18,4,0,31.0,7,1,4.8,267.52
63,Femenino,Oeste,Mobile,Ropa,Plata,8,21.0,20,3,1,12.0,7,0,4.3,273.47
23,Femenino,Centro,Mobile,Ropa,Oro,8,4.9,15,0,0,127.0,5,0,4.0,244.44
52,Masculino,Este,Desktop,Ropa,Plata,10,3.8,28,3,0,57.0,4,1,3.2,265.33
58,Femenino,Sur,Tablet,Deportes,Oro,7,9.6,20,4,0,140.0,4,0,3.4,248.21
54,Femenino,Oeste,Desktop,Electronica,Plata,8,15.4,19,3,0,27.0,7,1,2.7,283.02
41,Masculino,Norte,Mobile,Hogar,Platino,8,60.2,29,3,0,46.0,5,1,4.5,388.29
46,Femenino,Sur,Mobile,Libros,Plata,13,1.7,3,1,0,135.0,4,1,3.3,196.72
66,Masculino,Norte,Mobile,Hogar,Bronce,8,1.0,7,3,0,61.0,3,0,4.2,225.42
63,Femenino,Este,Mobile,Libros,Plata,6,14.2,14,0,0,58.0,3,0,3.4,194.28
48,Otro,Oeste,Mobile,Electronica,Oro,9,21.4,18,4,0,13.0,3,0,3.7,283.35
52,Femenino,Norte,Mobile,Ropa,Oro,6,,7,0,1,100.0,6,1,3.9,242.4
50,Masculino,Centro,Tablet,Ropa,Plata,7,13.6,22,4,0,49.0,5,1,4.5,301.73
69,Femenino,Norte,Desktop,Hogar,Plata,6,37.0,23,4,0,35.0,5,0,3.0,346.67
38,Femenino,Norte,Desktop,Libros,Oro,12,,6,2,1,94.0,4,1,3.5,229.66
49,Masculino,Oeste,Tablet,Ropa,Oro,4,29.4,8,3,1,95.0,8,1,2.8,270.48
40,Femenino,Oeste,Mobile,Hogar,Plata,7,41.2,2,3,0,145.0,7,0,2.7,223.7
50,Masculino,Sur,Mobile,Electronica,Oro,6,22.5,14,8,1,72.0,4,0,4.0,325.63
20,Femenino,Norte,Desktop,Hogar,Plata,10,4.4,20,5,1,123.0,3,0,3.0,203.07
35,Masculino,Norte,Tablet,Ropa,Bronce,3,2.6,23,3,1,10.0,4,1,2.6,192.75
42,Masculino,Oeste,Desktop,Libros,Bronce,7,9.5,2,2,1,162.0,7,1,4.7,112.64
59,Masculino,Centro,Mobile,Hogar,Platino,6,7.2,14,3,1,4.0,9,1,3.8,330.01
48,Femenino,Oeste,Desktop,Ropa,Bronce,7,25.2,12,3,0,125.0,8,0,2.8,233.52
20,Masculino,Centro,Mobile,Electronica,Plata,5,1.3,28,1,0,29.0,3,0,2.6,222.12
57,Femenino,Oeste,Mobile,Electronica,Platino,10,3.6,8,4,0,46.0,5,1,2.8,319.84
63,Masculino,Este,Mobile,Electronica,Bronce,8,16.7,21,8,0,174.0,6,1,3.7,332.23
41,Masculino,Norte,Tablet,Ropa,Oro,6,1.2,4,1,0,77.0,7,1,4.2,233.92
67,Femenino,Centro,Mobile,Deportes,Oro,7,4.6,27,5,1,59.0,6,1,4.1,308.97
49,Femenino,Este,Desktop,Hogar,Platino,6,5.9,26,5,1,66.0,5,1,2.9,300.17
64,Masculino,Centro,Mobile,Ropa,Bronce,14,11.7,2,4,0,162.0,8,0,4.1,254.6
39,Femenino,Sur,Mobile,Electronica,Bronce,9,2.1,9,10,0,107.0,7,1,3.5,280.79
40,Femenino,Sur,Tablet,Deportes,Platino,7,23.6,18,5,0,86.0,4,1,3.7,321.17
19,Femenino,Norte,Mobile,Hogar,Bronce,8,7.1,14,3,0,133.0,6,0,4.5,118.84
44,Masculino,Este,Desktop,Electronica,Plata,8,29.9,15,3,0,9.0,9,1,3.3,309.49
59,Masculino,Este,Mobile,Hogar,Oro,12,7.6,6,2,0,20.0,6,0,2.9,289.94
19,Femenino,Sur,Desktop,Ropa,Bronce,10,3.9,27,4,0,149.0,5,1,4.7,210.74
43,Masculino,Norte,Mobile,Electronica,Platino,11,1.8,25,2,0,127.0,4,1,3.0,277.63
34,Femenino,Sur,Mobile,Ropa,Plata,9,1.0,23,2,0,17.0,3,1,3.2,240.57
57,Femenino,Este,Desktop,Ropa,Bronce,5,9.1,24,2,0,12.0,0,1,4.3,265.0
50,Femenino,Centro,Mobile,Electronica,Bronce,6,1.4,28,3,0,82.0,6,0,4.2,193.26
26,Femenino,Este,Mobile,Libros,Bronce,8,6.0,25,5,0,67.0,3,1,4.5,235.86
60,Otro,Norte,Desktop,Deportes,Bronce,6,10.7,7,5,1,133.0,4,0,3.0,214.21
65,Masculino,Este,Mobile,Hogar,Oro,10,3.9,28,4,0,53.0,4,1,3.4,357.13
56,Femenino,Oeste,Mobile,Ropa,Bronce,10,2.3,23,6,0,,8,0,2.8,252.24
46,Masculino,Este,Desktop,Ropa,Bronce,7,17.9,28,4,0,147.0,3,1,3.9,229.47
59,Masculino,Oeste,Tablet,Hogar,Platino,8,35.2,7,1,0,145.0,4,0,3.2,274.7
43,Femenino,Sur,Mobile,Ropa,Plata,12,1.3,22,6,1,54.0,2,0,4.2,259.31
52,Femenino,Oeste,Desktop,Electronica,Bronce,8,2.0,9,3,0,68.0,5,0,2.5,169.12
67,Otro,Este,Desktop,Ropa,Platino,8,38.6,14,1,1,35.0,7,1,2.6,319.92
42,Femenino,Este,Mobile,Deportes,Bronce,12,1.0,19,3,0,88.0,9,0,3.6,252.5
41,Masculino,Este,Mobile,Ropa,Platino,5,45.6,24,2,0,169.0,8,0,4.9,325.31
30,Masculino,Norte,Mobile,Electronica,Oro,6,1.0,5,2,1,141.0,10,0,4.7,209.26
24,Femenino,Sur,Desktop,Deportes,Oro,9,24.8,18,4,1,161.0,6,0,5.0,266.95
53,Masculino,Oeste,Mobile,Electronica,Oro,8,4.4,6,3,1,15.0,14,0,3.5,305.7
62,Masculino,Centro,Desktop,Ropa,Plata,13,33.5,4,2,0,15.0,3,1,2.6,282.93
37,Masculino,Oeste,Desktop,Electronica,Oro,5,4.6,5,2,0,31.0,6,0,3.3,218.78
18,Masculino,Este,Mobile,Ropa,Oro,8,12.7,24,2,1,107.0,8,1,,249.16
25,Masculino,Centro,Mobile,Deportes,Bronce,4,1.0,6,1,0,156.0,4,0,2.8,59.05
63,Masculino,Centro,Tablet,Ropa,Plata,3,3.3,15,3,1,10.0,6,1,3.2,227.81
33,Masculino,Oeste,Mobile,Electronica,Oro,13,17.8,16,3,1,57.0,8,1,2.6,299.02
31,Masculino,Oeste,Mobile,Deportes,Plata,6,9.0,21,2,1,,9,0,3.7,158.22
29,Otro,Oeste,Desktop,Deportes,Oro,7,31.6,18,0,1,7.0,6,0,3.0,221.96
68,Masculino,Oeste,Mobile,Deportes,Plata,10,6.7,7,2,0,133.0,9,0,2.7,255.59
40,Masculino,Sur,Mobile,Electronica,Plata,7,24.5,28,3,0,125.0,1,0,3.5,248.0
32,Femenino,Norte,Mobile,Ropa,Bronce,8,7.2,11,4,0,119.0,6,1,3.4,199.24
45,Masculino,Norte,Mobile,Libros,Bronce,8,46.5,23,4,0,80.0,6,1,3.8,362.59
51,Femenino,Oeste,Mobile,Deportes,Plata,7,38.6,24,1,0,124.0,7,1,4.4,246.71
19,Femenino,Norte,Desktop,Electronica,Plata,8,4.8,17,1,0,57.0,4,0,2.8,214.25
49,Masculino,Oeste,Tablet,Electronica,Plata,8,26.1,18,2,1,72.0,13,0,4.5,280.13
40,Masculino,Oeste,Mobile,Ropa,Oro,9,22.6,15,8,1,168.0,3,0,2.6,307.35
39,Femenino,Oeste,Mobile,Libros,Plata,6,2.8,21,2,0,28.0,5,1,3.6,256.38
68,Femenino,Sur,Mobile,Ropa,Oro,8,11.7,13,8,0,36.0,4,1,4.0,328.83
42,Masculino,Este,Mobile,Ropa,Bronce,11,1.0,10,0,1,56.0,4,0,,156.39
39,Femenino,Norte,Mobile,Electronica,Plata,12,21.7,16,4,1,175.0,8,1,,275.63
39,Masculino,Norte,Mobile,Hogar,Bronce,7,2.3,13,3,1,116.0,3,0,2.9,93.86
66,Otro,Sur,Tablet,Deportes,Plata,9,1.0,15,4,0,,2,1,3.8,289.7
69,Masculino,Sur,Mobile,Ropa,Bronce,6,6.1,27,6,1,59.0,4,0,3.5,270.1
59,Femenino,Oeste,Mobile,Deportes,Bronce,9,10.3,23,5,0,171.0,5,1,3.7,273.56
23,Femenino,Oeste,Mobile,Libros,Bronce,5,23.2,19,1,1,123.0,5,0,3.0,120.2
32,Femenino,Este,Mobile,Electronica,Bronce,13,43.9,21,5,1,66.0,6,1,3.8,324.25
60,Femenino,Norte,Desktop,Ropa,Plata,12,6.9,7,4,1,9.0,7,0,,295.82
54,Masculino,Sur,Mobile,Ropa,Platino,8,,5,4,0,134.0,6,0,4.4,285.54
50,Masculino,Este,Tablet,Deportes,Bronce,8,16.6,27,0,1,119.0,4,0,4.0,178.99
25,Masculino,Norte,Mobile,Hogar,Oro,5,10.0,24,2,0,122.0,10,1,2.7,251.06
61,Masculino,Este,Desktop,Hogar,Plata,9,7.1,13,5,0,65.0,7,1,4.7,304.91
61,Femenino,Este,Tablet,Deportes,Bronce,3,4.4,14,6,1,131.0,5,0,4.0,189.98
22,Masculino,Oeste,Mobile,Ropa,Bronce,8,8.4,20,1,0,165.0,2,1,3.3,167.98
56,Masculino,Este,Mobile,Libros,Bronce,10,5.0,23,6,0,127.0,5,1,2.6,249.95
21,Femenino,Oeste,Desktop,Ropa,Oro,8,17.0,14,3,1,87.0,4,0,4.1,250.72
23,Femenino,Norte,Mobile,Electronica,Bronce,13,9.4,13,2,1,33.0,3,0,3.4,159.81
62,Femenino,Norte,Desktop,Hogar,Bronce,3,25.1,21,6,1,137.0,2,1,4.8,244.56
49,Otro,Oeste,Mobile,Deportes,Bronce,9,9.4,4,1,0,53.0,2,1,2.6,193.48
69,Masculino,Centro,Mobile,Ropa,Plata,4,3.3,29,4,1,92.0,6,0,2.6,238.97
47,Masculino,Este,Mobile,Deportes,Oro,12,22.9,4,2,0,51.0,12,0,4.9,328.54
64,Femenino,Norte,Tablet,Libros,Bronce,8,9.8,15,5,1,71.0,7,0,4.9,264.48
52,Femenino,Este,Mobile,Ropa,Plata,6,2.8,19,1,0,,1,1,2.6,180.49
57,Masculino,Centro,Mobile,Libros,Plata,8,11.7,28,1,1,144.0,8,0,4.3,263.98
69,Femenino,Este,Desktop,Electronica,Bronce,8,5.3,20,3,0,40.0,4,1,3.1,259.0
33,Masculino,Centro,Mobile,Electronica,Bronce,7,22.3,29,1,1,179.0,3,0,4.3,191.52
30,Masculino,Sur,Mobile,Electronica,Plata,9,7.2,11,4,0,39.0,10,0,4.7,315.78
67,Femenino,Centro,Mobile,Deportes,Plata,9,15.6,18,3,0,164.0,2,0,2.8,223.59
59,Femenino,Norte,Desktop,Hogar,Oro,6,1.2,16,2,0,121.0,7,1,3.1,282.46
47,Femenino,Oeste,Desktop,Electronica,Plata,5,6.1,20,2,1,85.0,3,0,2.6,176.48
36,Masculino,Oeste,Mobile,Ropa,Bronce,7,49.1,10,5,0,173.0,5,1,2.6,220.0
34,Femenino,Este,Mobile,Hogar,Bronce,8,19.8,5,3,0,137.0,5,0,2.6,164.47
36,Masculino,Sur,Desktop,Electronica,Plata,8,2.1,16,4,0,37.0,9,1,4.5,257.15
45,Masculino,Este,Desktop,Deportes,Oro,7,3.9,20,2,1,87.0,2,0,3.2,199.64
43,Femenino,Centro,Mobile,Deportes,Bronce,8,4.8,17,6,0,129.0,7,1,3.7,270.25
54,Femenino,Oeste,Mobile,Ropa,Platino,5,12.6,9,2,0,63.0,5,1,4.5,291.08
43,Femenino,Centro,Mobile,Libros,Plata,12,17.0,18,2,0,43.0,6,0,3.7,287.16
40,Femenino,Oeste,Desktop,Ropa,Bronce,7,16.6,22,2,1,156.0,4,0,3.6,176.11
26,Femenino,Oeste,Tablet,Libros,Plata,10,8.6,2,4,0,100.0,5,1,2.5,269.4
29,Femenino,Oeste,Mobile,Hogar,Bronce,5,20.0,8,2,1,159.0,6,0,3.9,151.61
18,Masculino,Norte,Mobile,Hogar,Plata,8,6.9,22,2,1,105.0,10,1,2.8,259.04
18,Masculino,Centro,Mobile,Electronica,Plata,6,1.6,19,2,0,8.0,7,0,4.4,240.47
64,Masculino,Este,Mobile,Deportes,Bronce,6,10.0,13,5,0,162.0,2,1,,223.88
51,Masculino,Sur,Mobile,Ropa,Oro,11,36.5,17,6,1,49.0,7,1,4.2,411.02
49,Femenino,Este,Tablet,Electronica,Oro,10,18.9,2,3,1,96.0,5,0,4.1,262.8
65,Femenino,Centro,Mobile,Electronica,Bronce,9,10.4,28,3,1,123.0,9,1,4.0,271.83
42,Masculino,Sur,Desktop,Hogar,Bronce,9,12.5,16,0,0,47.0,4,1,3.2,207.14
57,Masculino,Este,Mobile,Ropa,Bronce,9,32.0,8,1,0,25.0,7,0,3.2,246.96
62,Femenino,Sur,Desktop,Hogar,Oro,5,6.7,29,1,0,131.0,3,0,4.7,236.06
18,Masculino,Centro,Mobile,Deportes,Bronce,11,4.8,18,4,0,173.0,7,1,2.5,186.92
33,Femenino,Oeste,Mobile,Electronica,Plata,7,45.4,4,4,0,114.0,6,0,3.0,284.82
56,Femenino,Centro,Tablet,Hogar,Bronce,6,23.9,12,2,0,99.0,3,1,4.0,262.89
22,Femenino,Norte,Mobile,Electronica,Bronce,5,4.7,7,4,0,96.0,5,1,4.5,165.72
39,Femenino,Sur,Desktop,Deportes,Oro,10,7.5,7,6,0,34.0,4,0,3.4,279.28
46,Femenino,Centro,Desktop,Deportes,Oro,8,6.4,16,4,0,109.0,7,1,4.1,330.34
20,Masculino,Oeste,Mobile,Ropa,Plata,10,1.9,8,2,0,92.0,6,0,3.9,205.52
29,Femenino,Oeste,Desktop,Hogar,Plata,9,38.0,12,1,1,8.0,3,1,2.7,262.81
43,Femenino,Centro,Desktop,Ropa,Plata,10,6.2,28,3,0,155.0,3,0,4.1,258.76
33,Masculino,Este,Tablet,Ropa,Bronce,9,25.0,18,2,0,63.0,2,1,4.5,224.48
68,Femenino,Centro,Desktop,Deportes,Bronce,9,2.5,24,6,0,82.0,6,1,5.0,314.55
54,Femenino,Oeste,Mobile,Ropa,Bronce,11,9.5,19,0,0,25.0,5,1,2.6,235.4
39,Femenino,Centro,Desktop,Ropa,Oro,10,1.0,23,0,0,176.0,6,0,4.2,197.14
46,Femenino,Norte,Desktop,Ropa,Platino,7,17.3,25,2,0,129.0,5,0,3.5,305.24
31,Femenino,Este,Desktop,Deportes,Bronce,9,10.4,22,4,0,8.0,6,0,2.5,278.82
45,Femenino,Centro,Desktop,Ropa,Bronce,9,11.8,27,5,1,124.0,3,0,4.0,218.61
22,Femenino,Oeste,Mobile,Electronica,Bronce,2,1.0,20,2,0,149.0,5,0,2.8,135.41
64,Femenino,Centro,Mobile,Hogar,Oro,11,2.8,28,6,0,98.0,8,1,3.4,379.83
66,Femenino,Centro,Desktop,Deportes,Oro,9,1.0,9,1,1,101.0,6,1,3.2,236.08
47,Femenino,Sur,Tablet,Electronica,Bronce,5,4.1,25,4,0,,4,0,3.4,226.64
63,Femenino,Centro,Mobile,Electronica,Oro,2,11.8,21,12,1,157.0,4,0,3.7,324.96
69,Masculino,Norte,Tablet,Electronica,Oro,6,10.0,9,3,0,158.0,2,1,3.4,284.12
22,Femenino,Oeste,Tablet,Ropa,Bronce,6,11.4,22,3,0,3.0,6,1,3.9,263.54
29,Femenino,Sur,Tablet,Ropa,Plata,6,9.6,12,5,0,135.0,10,1,3.1,236.3
33,Masculino,Centro,Tablet,Hogar,Plata,8,3.8,22,5,1,100.0,5,0,4.1,283.41
43,Femenino,Este,Desktop,Hogar,Bronce,7,3.4,4,2,0,11.0,3,1,4.6,202.38
43,Masculino,Norte,Desktop,Hogar,Plata,7,1.8,24,4,0,160.0,7,1,3.1,237.99
65,Masculino,Norte,Desktop,Ropa,Bronce,6,22.7,28,3,0,59.0,6,0,3.8,298.15
38,Femenino,Norte,Mobile,Deportes,Plata,8,11.5,15,2,0,140.0,5,1,4.1,239.57
56,Masculino,Sur,Mobile,Ropa,Oro,9,2.5,28,3,1,79.0,6,1,3.9,264.8
53,Femenino,Centro,Mobile,Libros,Plata,8,2.3,10,4,0,38.0,1,0,3.4,218.12
50,Femenino,Norte,Mobile,Hogar,Bronce,7,24.8,26,4,1,122.0,5,1,4.1,262.64
47,Femenino,Centro,Mobile,Electronica,Bronce,12,16.3,2,1,0,152.0,4,1,2.6,116.57
54,Masculino,Este,Tablet,Hogar,Plata,8,12.9,2,6,1,65.0,9,1,3.4,287.81
40,Masculino,Centro,Desktop,Ropa,Bronce,6,6.3,27,2,0,146.0,9,1,,228.21
27,Femenino,Centro,Mobile,Hogar,Plata,9,3.6,29,2,1,46.0,6,0,2.6,201.03
22,Otro,Centro,Desktop,Electronica,Bronce,7,46.6,13,3,0,125.0,9,1,3.8,258.79
53,Femenino,Oeste,Mobile,Electronica,Oro,8,19.1,12,2,1,56.0,7,1,4.1,291.71
51,Masculino,Sur,Mobile,Deportes,Oro,9,4.3,22,4,1,7.0,2,1,4.4,283.58
69,Femenino,Centro,Desktop,Electronica,Oro,7,22.6,2,3,0,105.0,3,0,2.8,275.81
48,Femenino,Norte,Mobile,Deportes,Bronce,7,17.1,21,3,1,40.0,4,0,5.0,248.37
27,Femenino,Oeste,Desktop,Ropa,Plata,6,4.2,13,4,0,159.0,5,1,4.0,209.2
36,Masculino,Centro,Mobile,Hogar,Bronce,7,6.7,18,1,1,97.0,8,1,3.4,183.28
49,Femenino,Oeste,Mobile,Hogar,Oro,10,2.5,16,3,0,52.0,4,1,3.1,311.26
18,Femenino,Sur,Desktop,Ropa,Bronce,10,1.4,3,0,0,31.0,4,0,3.9,130.26
22,Femenino,Oeste,Mobile,Ropa,Oro,7,15.4,19,1,1,162.0,4,0,4.7,150.21
62,Masculino,Norte,Tablet,Electronica,Plata,10,3.7,17,1,0,7.0,3,0,3.8,257.61
21,Femenino,Centro,Mobile,Electronica,Oro,6,20.6,5,3,0,144.0,2,1,4.2,204.99
33,Femenino,Norte,Mobile,Ropa,Oro,8,65.1,9,2,1,150.0,5,1,3.4,274.27
41,Masculino,Este,Tablet,Hogar,Bronce,7,1.0,3,4,0,91.0,9,1,3.5,249.65
33,Femenino,Oeste,Tablet,Libros,Platino,7,7.7,15,5,0,17.0,6,0,3.2,324.69
19,Femenino,Oeste,Mobile,Deportes,Bronce,8,19.4,26,3,0,125.0,3,0,4.3,202.02
66,Masculino,Oeste,Mobile,Deportes,Platino,9,18.7,16,3,1,4.0,4,1,3.4,366.28
45,Masculino,Sur,Desktop,Deportes,Oro,9,17.1,29,4,1,122.0,3,1,3.0,313.55
49,Femenino,Norte,Mobile,Hogar,Platino,10,5.2,10,6,1,99.0,4,1,3.4,299.76
44,Masculino,Este,Mobile,Ropa,Bronce,7,7.3,3,3,1,163.0,3,0,4.6,131.55
37,Femenino,Sur,Desktop,Libros,Bronce,4,10.8,18,3,0,172.0,5,1,4.3,191.86
41,Masculino,Sur,Desktop,Hogar,Oro,6,43.8,27,2,0,143.0,6,0,3.3,301.76
29,Femenino,Centro,Mobile,Hogar,Platino,7,4.8,11,3,0,61.0,8,1,4.8,320.39
67,Masculino,Este,Mobile,Electronica,Bronce,6,30.8,10,1,0,172.0,2,1,2.7,249.15
52,Femenino,Oeste,Tablet,Ropa,Bronce,10,3.8,3,4,0,21.0,6,1,2.6,209.46
50,Otro,Oeste,Desktop,Ropa,Bronce,7,54.2,25,3,1,77.0,4,1,2.8,303.94
50,Femenino,Centro,Desktop,Deportes,Oro,15,13.3,20,1,1,47.0,5,0,2.8,307.44
68,Femenino,Oeste,Mobile,Ropa,Oro,5,7.5,18,1,0,75.0,5,0,2.7,264.72
60,Masculino,Norte,Mobile,Ropa,Bronce,5,11.4,12,1,1,49.0,7,1,4.2,191.72
54,Femenino,Oeste,Mobile,Libros,Bronce,6,3.8,18,0,1,27.0,7,0,4.0,224.78
29,Masculino,Norte,Mobile,Electronica,Plata,8,3.8,11,2,1,31.0,6,0,4.1,150.16
20,Masculino,Centro,Mobile,Ropa,Bronce,13,1.4,19,3,0,172.0,5,1,4.2,182.0
18,Masculino,Centro,Mobile,Electronica,Oro,8,1.5,24,2,0,32.0,2,1,4.4,296.89
50,Femenino,Norte,Desktop,Hogar,Plata,6,5.1,29,3,0,158.0,0,1,3.0,219.47
57,Femenino,Oeste,Desktop,Libros,Plata,13,17.3,7,3,0,18.0,4,0,4.1,314.87
27,Femenino,Centro,Mobile,Ropa,Oro,5,11.2,17,6,0,125.0,4,1,,251.24
60,Masculino,Centro,Desktop,Deportes,Plata,7,,29,2,1,63.0,2,0,4.9,207.86
61,Masculino,Norte,Desktop,Ropa,Bronce,6,22.9,28,3,0,128.0,5,0,3.1,225.59
46,Otro,Centro,Mobile,Libros,Oro,6,11.0,19,4,0,16.0,8,0,2.6,321.63
30,Masculino,Oeste,Mobile,Deportes,Bronce,7,38.9,21,2,0,163.0,5,0,4.1,199.73
29,Masculino,Centro,Desktop,Deportes,Oro,8,13.3,19,4,0,137.0,7,1,4.4,283.3
48,Masculino,Norte,Mobile,Electronica,Bronce,6,2.3,2,8,0,62.0,7,1,3.2,296.57
63,Femenino,Oeste,Mobile,Libros,Oro,9,7.7,29,1,0,39.0,6,1,3.9,363.78
19,Femenino,Este,Mobile,Hogar,Bronce,7,12.5,4,3,1,179.0,6,1,2.6,129.64
68,Masculino,Norte,Mobile,Ropa,Bronce,6,1.0,16,3,0,115.0,5,0,4.9,164.36
67,Masculino,Este,Tablet,Deportes,Bronce,6,1.0,21,1,1,,5,0,2.8,105.96
52,Femenino,Centro,Desktop,Ropa,Platino,6,1.7,11,1,0,140.0,4,1,2.7,254.12
40,Femenino,Oeste,Mobile,Deportes,Platino,5,3.5,22,2,0,72.0,10,1,2.6,334.5
34,Masculino,Centro,Tablet,Electronica,Bronce,7,6.7,6,6,0,62.0,2,1,3.6,223.71
43,Femenino,Oeste,Desktop,Hogar,Bronce,4,8.0,16,2,1,131.0,8,0,2.7,157.43
25,Masculino,Sur,Desktop,Ropa,Bronce,12,1.8,24,3,1,83.0,2,1,4.4,189.15
46,Masculino,Centro,Mobile,Electronica,Bronce,6,13.4,15,4,0,123.0,4,0,4.7,222.85
43,Femenino,Centro,Desktop,Electronica,Oro,10,10.9,16,3,0,139.0,7,0,3.2,308.23
27,Masculino,Centro,Mobile,Electronica,Plata,4,4.2,11,2,0,136.0,3,0,4.1,104.42
43,Femenino,Norte,Mobile,Ropa,Oro,8,1.0,25,4,1,109.0,6,0,2.6,261.96
51,Masculino,Oeste,Mobile,Ropa,Oro,2,1.0,10,3,0,122.0,10,0,3.5,216.64
68,Masculino,Oeste,Mobile,Hogar,Plata,6,6.0,13,4,0,151.0,5,0,3.2,192.54
58,Otro,Oeste,Mobile,Ropa,Oro,9,2.0,8,6,0,119.0,4,1,3.1,267.85
24,Masculino,Norte,Mobile,Ropa,Bronce,6,5.7,6,4,0,138.0,4,1,4.1,183.63
21,Femenino,Oeste,Desktop,Hogar,Bronce,10,11.9,26,5,1,18.0,7,1,2.8,283.3
67,Masculino,Centro,Mobile,Electronica,Oro,6,9.5,25,3,0,76.0,4,1,4.7,357.21
62,Masculino,Este,Desktop,Libros,Bronce,8,3.2,11,5,0,,1,1,4.2,209.06
28,Masculino,Sur,Desktop,Deportes,Bronce,3,5.1,26,3,0,154.0,4,0,4.3,126.36
46,Femenino,Oeste,Mobile,Hogar,Platino,5,11.4,27,2,0,11.0,2,1,4.8,329.73
53,Masculino,Norte,Mobile,Hogar,Plata,11,23.7,9,3,0,138.0,12,1,4.9,265.78
42,Femenino,Norte,Tablet,Deportes,Plata,9,16.8,23,3,1,131.0,4,1,3.9,220.29
38,Masculino,Oeste,Mobile,Electronica,Oro,7,9.7,21,4,0,62.0,7,0,3.7,312.45
53,Femenino,Este,Desktop,Electronica,Bronce,8,5.4,26,1,0,71.0,8,1,3.3,246.93
27,Masculino,Oeste,Desktop,Electronica,Platino,4,5.5,17,3,0,61.0,6,0,4.3,297.09
54,Femenino,Norte,Mobile,Deportes,Bronce,12,25.4,13,5,1,132.0,8,0,3.8,243.14
26,Femenino,Sur,Mobile,Electronica,Plata,11,1.0,10,0,0,61.0,4,0,4.8,203.96
41,Femenino,Este,Mobile,Hogar,Oro,6,53.1,11,1,1,136.0,1,0,3.1,215.38
52,Femenino,Oeste,Desktop,Libros,Plata,9,13.1,17,1,0,102.0,3,0,3.3,242.14
66,Femenino,Sur,Desktop,Deportes,Oro,14,13.7,11,2,1,13.0,4,1,3.3,318.46
52,Femenino,Oeste,Tablet,Ropa,Platino,8,1.0,10,4,1,12.0,4,0,4.5,295.53
65,Masculino,Este,Mobile,Electronica,Oro,8,11.2,27,1,0,35.0,5,0,2.7,300.24
53,Masculino,Norte,Mobile,Deportes,Bronce,6,8.0,4,0,0,51.0,6,0,,160.25
35,Femenino,Este,Mobile,Hogar,Plata,8,1.3,28,2,1,43.0,7,1,3.6,299.06
66,Femenino,Centro,Tablet,Electronica,Platino,6,3.9,29,8,1,111.0,7,1,,395.32
56,Femenino,Oeste,Mobile,Electronica,Plata,11,26.5,20,3,1,,2,0,3.5,262.76
49,Femenino,Sur,Mobile,Libros,Plata,5,9.6,12,4,1,15.0,6,0,3.8,240.76
41,Masculino,Sur,Tablet,Hogar,Plata,12,,7,4,0,177.0,6,1,2.7,252.96
40,Masculino,Este,Mobile,Deportes,Bronce,9,1.0,7,2,0,162.0,4,1,3.8,178.8
49,Femenino,Este,Desktop,Deportes,Bronce,11,15.0,16,2,1,39.0,6,0,4.9,219.65
54,Masculino,Este,Mobile,Hogar,Platino,6,,16,2,1,26.0,8,0,4.9,286.53
29,Masculino,Sur,Mobile,Ropa,Plata,9,11.4,14,3,0,112.0,6,1,3.8,222.23
66,Femenino,Norte,Tablet,Ropa,Bronce,9,8.6,23,5,0,176.0,2,0,3.8,221.22
30,Masculino,Sur,Desktop,Ropa,Oro,9,6.8,6,1,0,51.0,3,1,3.2,265.58
40,Femenino,Norte,Mobile,Ropa,Plata,9,10.8,15,3,0,111.0,9,0,5.0,248.41
42,Masculino,Este,Mobile,Deportes,Oro,7,3.2,22,0,0,132.0,6,0,3.2,204.49
52,Femenino,Centro,Mobile,Hogar,Bronce,5,34.0,3,4,0,98.0,8,1,3.6,204.48
58,Masculino,Sur,Desktop,Deportes,Platino,2,10.7,24,5,0,155.0,3,1,2.5,351.58
47,Masculino,Este,Mobile,Ropa,Plata,9,4.5,13,4,1,119.0,5,0,3.4,231.53
34,Masculino,Sur,Desktop,Hogar,Oro,6,7.2,21,4,1,170.0,9,1,2.7,284.74
66,Masculino,Este,Mobile,Hogar,Bronce,7,19.7,15,2,1,56.0,5,1,4.4,261.68
37,Masculino,Sur,Desktop,Hogar,Bronce,4,2.1,20,2,1,69.0,2,0,3.9,148.8
65,Masculino,Oeste,Mobile,Hogar,Bronce,9,4.2,25,3,0,146.0,7,1,3.9,253.85
42,Femenino,Sur,Desktop,Electronica,Platino,8,13.7,21,4,1,4.0,2,0,3.2,354.06
39,Masculino,Oeste,Mobile,Ropa,Bronce,10,4.5,16,4,0,129.0,2,0,4.5,198.89
30,Femenino,Norte,Mobile,Electronica,Oro,9,18.9,28,1,1,50.0,6,0,2.5,280.37
36,Femenino,Sur,Tablet,Ropa,Bronce,9,1.7,21,2,0,84.0,5,1,3.3,233.9
66,Femenino,Norte,Mobile,Ropa,Bronce,2,17.3,25,3,1,70.0,7,1,4.1,268.63
53,Masculino,Centro,Mobile,Hogar,Bronce,6,1.0,18,2,0,148.0,6,0,4.8,178.0
29,Femenino,Oeste,Mobile,Libros,Oro,7,1.0,26,2,0,20.0,5,0,3.1,266.05
58,Masculino,Sur,Mobile,Hogar,Oro,7,27.4,15,3,0,174.0,7,1,3.9,318.02
36,Masculino,Norte,Desktop,Hogar,Platino,9,10.4,24,5,0,27.0,5,1,3.8,393.58
29,Otro,Este,Mobile,Ropa,Platino,6,5.2,29,5,0,26.0,5,1,4.7,395.85
26,Masculino,Norte,Desktop,Hogar,Bronce,6,3.2,19,0,0,160.0,9,0,2.6,152.92
24,Femenino,Sur,Desktop,Electronica,Oro,10,11.5,28,2,1,10.0,7,1,3.6,324.42
45,Femenino,Centro,Desktop,Ropa,Plata,10,8.5,29,4,0,82.0,3,0,3.0,259.94
31,Femenino,Oeste,Mobile,Ropa,Oro,12,57.4,23,3,0,105.0,7,1,2.6,346.15
48,Femenino,Este,Mobile,Ropa,Bronce,8,49.0,25,4,0,,6,0,2.9,292.22
69,Masculino,Norte,Desktop,Electronica,Oro,5,12.1,28,3,0,,7,0,4.9,304.47
36,Masculino,Sur,Mobile,Electronica,Bronce,8,7.0,6,4,1,24.0,3,1,3.0,200.98
64,Femenino,Sur,Desktop,Ropa,Bronce,8,8.1,23,7,0,117.0,4,1,4.8,330.3
33,Masculino,Oeste,Mobile,Libros,Bronce,8,13.8,13,6,1,179.0,7,1,3.0,247.27
22,Masculino,Este,Mobile,Ropa,Bronce,14,1.3,11,1,0,166.0,8,1,4.8,189.9
52,Masculino,Norte,Desktop,Ropa,Plata,2,4.8,9,3,1,46.0,5,0,4.1,195.16
29,Masculino,Norte,Desktop,Electronica,Oro,7,1.0,7,4,1,136.0,5,1,2.8,218.52
42,Masculino,Norte,Desktop,Hogar,Oro,7,1.0,29,4,1,55.0,5,1,4.0,327.99
69,Masculino,Oeste,Desktop,Ropa,Bronce,5,2.6,26,4,0,78.0,4,1,3.3,256.01
38,Femenino,Oeste,Desktop,Electronica,Bronce,7,8.0,16,3,0,159.0,5,1,3.5,180.84
53,Femenino,Este,Mobile,Ropa,Bronce,8,18.4,13,5,0,88.0,5,1,3.6,292.97
40,Femenino,Norte,Tablet,Electronica,Oro,8,8.0,26,3,1,16.0,3,1,3.6,303.84
33,Masculino,Norte,Desktop,Electronica,Bronce,12,4.9,26,3,0,148.0,3,1,4.2,207.95
56,Masculino,Este,Desktop,Electronica,Plata,4,1.0,7,6,1,38.0,3,1,4.4,267.07
62,Masculino,Este,Mobile,Electronica,Bronce,6,9.6,13,3,0,111.0,3,0,3.3,215.1
59,Femenino,Este,Tablet,Electronica,Plata,8,3.8,16,3,0,15.0,6,1,4.8,269.07
56,Femenino,Sur,Mobile,Ropa,Bronce,9,11.5,13,5,0,78.0,6,1,4.8,268.69
31,Masculino,Este,Mobile,Deportes,Bronce,6,45.4,10,5,0,76.0,6,1,2.6,261.31
48,Femenino,Centro,Mobile,Hogar,Bronce,11,1.4,20,3,1,162.0,5,1,2.5,207.29
22,Masculino,Oeste,Mobile,Ropa,Bronce,6,2.9,22,3,0,72.0,3,0,3.6,197.78
52,Femenino,Este,Mobile,Ropa,Bronce,9,7.7,3,1,0,19.0,6,0,4.0,177.85
40,Femenino,Sur,Desktop,Libros,Plata,12,41.5,29,0,0,120.0,6,1,3.2,251.48
46,Femenino,Centro,Desktop,Ropa,Bronce,7,17.7,14,3,0,63.0,5,0,3.1,241.43
60,Femenino,Sur,Mobile,Electronica,Bronce,14,27.4,14,2,0,105.0,4,1,4.2,231.38
28,Femenino,Sur,Desktop,Hogar,Bronce,6,4.9,9,1,0,32.0,5,1,4.0,188.96
35,Masculino,Sur,Mobile,Electronica,Oro,9,58.0,28,4,1,110.0,6,0,2.9,333.3
64,Femenino,Sur,Mobile,Ropa,Plata,8,1.3,14,2,0,165.0,4,0,4.7,208.82
29,Masculino,Norte,Mobile,Ropa,Oro,10,1.0,5,3,0,7.0,4,1,4.2,313.58
26,Femenino,Oeste,Desktop,Deportes,Bronce,9,,7,0,0,176.0,4,0,3.4,202.3
27,Femenino,Norte,Mobile,Ropa,Bronce,5,31.5,7,4,1,139.0,6,1,4.2,159.36
61,Femenino,Centro,Mobile,Hogar,Bronce,7,1.1,22,3,1,87.0,4,1,2.8,240.12
34,Masculino,Norte,Mobile,Libros,Plata,10,,13,4,1,31.0,3,0,3.7,221.67
55,Femenino,Centro,Desktop,Electronica,Plata,6,1.0,13,2,1,172.0,4,0,2.9,188.3
24,Femenino,Este,Desktop,Ropa,Oro,7,1.3,18,2,1,45.0,6,1,2.6,270.69
63,Femenino,Centro,Mobile,Ropa,Oro,8,2.8,28,4,0,56.0,4,0,3.3,348.7
30,Masculino,Norte,Mobile,Ropa,Plata,6,42.1,8,2,0,160.0,3,1,2.9,222.64
57,Masculino,Norte,Desktop,Ropa,Plata,5,,27,2,0,149.0,6,1,4.1,237.5
59,Masculino,Centro,Desktop,Libros,Bronce,7,18.1,16,4,0,31.0,6,1,4.2,305.31
26,Masculino,Norte,Mobile,Hogar,Bronce,4,18.0,25,1,1,1.0,3,0,2.9,184.05
67,Femenino,Centro,Desktop,Hogar,Platino,12,9.2,18,3,1,139.0,3,1,2.6,302.59
44,Masculino,Sur,Tablet,Ropa,Bronce,12,19.2,11,0,0,93.0,2,1,4.5,183.93
19,Otro,Oeste,Mobile,Deportes,Platino,9,10.9,24,3,0,68.0,3,1,2.5,334.54
22,Masculino,Centro,Desktop,Libros,Plata,7,4.5,21,1,1,36.0,5,1,3.4,255.28
46,Masculino,Sur,Mobile,Deportes,Plata,5,9.9,7,2,0,79.0,7,1,3.7,200.6
54,Femenino,Sur,Desktop,Electronica,Bronce,5,9.2,10,3,0,67.0,3,0,4.5,209.19
55,Femenino,Sur,Mobile,Hogar,Plata,7,20.8,16,2,1,51.0,3,1,4.6,246.35
36,Femenino,Sur,Mobile,Electronica,Plata,6,48.0,17,1,0,157.0,6,1,4.3,218.12
25,Femenino,Centro,Desktop,Ropa,Bronce,7,6.4,22,2,1,130.0,7,1,3.1,186.87
65,Femenino,Norte,Desktop,Electronica,Bronce,9,17.3,9,1,1,6.0,3,0,4.3,181.63
62,Masculino,Sur,Mobile,Hogar,Bronce,8,1.3,17,6,0,159.0,6,0,3.1,190.52
18,Otro,Este,Mobile,Hogar,Plata,6,,6,1,0,54.0,8,1,3.0,196.26
39,Otro,Sur,Mobile,Electronica,Bronce,9,5.6,19,1,1,88.0,3,0,3.9,135.33
69,Femenino,Norte,Desktop,Ropa,Oro,8,1.0,21,0,0,168.0,3,0,4.2,204.33
34,Masculino,Norte,Desktop,Ropa,Oro,5,5.4,15,2,0,145.0,5,1,2.6,194.03
24,Femenino,Oeste,Mobile,Ropa,Bronce,9,11.3,3,1,1,5.0,5,1,2.7,161.88
42,Masculino,Oeste,Desktop,Electronica,Plata,6,1.5,24,3,0,2.0,7,0,4.5,255.97
62,Masculino,Sur,Desktop,Ropa,Bronce,8,30.9,24,1,0,58.0,9,1,4.6,300.17
21,Masculino,Sur,Mobile,Deportes,Oro,6,1.0,4,5,0,12.0,4,1,4.0,286.24
53,Masculino,Oeste,Desktop,Electronica,Bronce,7,31.9,15,3,0,5.0,6,1,3.6,291.18
23,Femenino,Sur,Mobile,Electronica,Bronce,8,14.7,8,3,0,106.0,6,1,4.6,198.35
48,Femenino,Este,Desktop,Ropa,Bronce,5,4.8,16,0,0,169.0,5,0,4.3,130.4
36,Femenino,Centro,Mobile,Libros,Oro,8,5.9,18,3,0,148.0,6,1,3.9,247.05
61,Masculino,Oeste,Mobile,Hogar,Bronce,5,16.2,2,1,0,129.0,10,0,3.3,154.22
56,Masculino,Oeste,Mobile,Hogar,Bronce,9,11.0,10,5,1,56.0,4,0,3.0,238.29
44,Masculino,Norte,Desktop,Ropa,Bronce,11,13.4,23,2,1,70.0,3,1,3.5,180.79
27,Otro,Sur,Mobile,Hogar,Bronce,8,5.9,15,2,0,56.0,8,0,3.2,193.86
43,Masculino,Oeste,Mobile,Electronica,Oro,6,8.0,17,3,0,54.0,6,1,3.3,284.21
36,Femenino,Oeste,Tablet,Hogar,Plata,11,55.1,29,7,0,139.0,7,0,3.8,379.2
56,Femenino,Este,Tablet,Libros,Platino,7,2.9,22,2,0,3.0,5,0,2.9,281.25
20,Masculino,Sur,Tablet,Hogar,Bronce,10,6.5,14,2,1,95.0,6,1,4.5,187.11
62,Femenino,Centro,Mobile,Deportes,Bronce,8,4.1,7,4,0,28.0,2,1,2.9,238.19
30,Femenino,Este,Desktop,Hogar,Oro,9,17.4,23,4,0,111.0,4,0,3.7,235.96
67,Femenino,Centro,Mobile,Electronica,Plata,7,17.3,2,2,0,107.0,4,1,4.4,207.9
45,Femenino,Norte,Mobile,Libros,Bronce,7,4.2,22,1,1,120.0,5,0,3.7,159.25
37,Masculino,Oeste,Mobile,Electronica,Plata,12,1.0,26,3,1,133.0,6,0,3.4,242.75
45,Masculino,Este,Mobile,Ropa,Oro,3,1.0,5,3,0,124.0,6,0,3.7,216.56
25,Femenino,Centro,Mobile,Electronica,Bronce,6,6.7,4,6,0,90.0,3,0,4.6,202.55
58,Femenino,Sur,Mobile,Electronica,Oro,9,6.3,18,0,0,16.0,6,0,5.0,251.68
56,Masculino,Norte,Desktop,Ropa,Bronce,8,53.5,3,2,0,31.0,3,1,4.1,221.98
18,Femenino,Norte,Mobile,Ropa,Platino,8,7.6,20,1,0,28.0,7,1,4.5,311.23
20,Femenino,Oeste,Mobile,Ropa,Plata,7,3.6,21,2,1,135.0,3,0,2.5,130.59
30,Femenino,Oeste,Mobile,Hogar,Bronce,9,26.6,24,5,0,137.0,6,1,4.7,253.19
45,Masculino,Centro,Tablet,Electronica,Plata,11,8.1,23,1,1,39.0,9,0,4.9,283.83
66,Femenino,Centro,Mobile,Electronica,Platino,8,11.0,28,4,1,171.0,3,0,3.9,309.43
42,Femenino,Norte,Mobile,Hogar,Oro,7,1.2,9,6,0,27.0,5,0,4.4,281.74
50,Masculino,Centro,Mobile,Ropa,Bronce,8,5.8,26,2,1,76.0,7,0,3.8,196.21
55,Masculino,Oeste,Desktop,Hogar,Plata,15,34.6,16,2,1,117.0,2,1,,284.44
23,Otro,Norte,Mobile,Hogar,Plata,14,10.7,7,4,0,89.0,4,0,4.6,241.84
61,Masculino,Norte,Mobile,Deportes,Bronce,10,5.1,24,1,0,107.0,4,1,4.0,195.46
62,Femenino,Sur,Mobile,Hogar,Bronce,6,11.8,21,3,0,122.0,12,1,3.9,220.96
49,Femenino,Sur,Desktop,Ropa,Plata,13,29.0,3,2,1,126.0,3,1,4.1,277.75
62,Masculino,Centro,Mobile,Hogar,Plata,4,3.8,26,7,0,98.0,4,1,4.6,285.2
64,Femenino,Centro,Desktop,Ropa,Bronce,4,8.4,26,1,0,33.0,7,0,4.3,245.57
38,Masculino,Oeste,Mobile,Ropa,Oro,7,38.2,16,3,0,91.0,6,0,3.0,331.21
33,Femenino,Oeste,Tablet,Deportes,Plata,10,2.3,21,3,0,120.0,9,1,3.7,268.85
38,Masculino,Sur,Desktop,Ropa,Bronce,13,15.3,13,5,0,2.0,6,0,5.0,266.65
28,Femenino,Norte,Desktop,Deportes,Bronce,6,11.4,4,5,0,142.0,3,0,3.9,129.83
54,Masculino,Este,Mobile,Deportes,Plata,10,13.7,11,3,0,13.0,3,1,4.8,250.24
53,Masculino,Este,Mobile,Deportes,Plata,5,5.2,15,4,0,24.0,1,0,4.5,253.36
52,Femenino,Centro,Mobile,Libros,Plata,11,4.5,28,2,0,69.0,4,1,4.2,320.07
36,Masculino,Este,Desktop,Ropa,Bronce,6,13.8,23,4,1,34.0,4,0,3.4,210.27
37,Femenino,Este,Tablet,Ropa,Plata,8,2.9,15,2,1,87.0,2,1,3.3,185.59
35,Masculino,Sur,Mobile,Hogar,Platino,4,6.5,4,4,1,19.0,2,1,4.1,292.04
64,Femenino,Norte,Desktop,Ropa,Bronce,8,2.5,2,0,1,30.0,8,0,3.6,149.05
58,Masculino,Oeste,Mobile,Hogar,Bronce,9,1.0,21,3,0,49.0,8,1,4.5,277.76
66,Femenino,Sur,Tablet,Hogar,Oro,11,42.1,2,3,0,171.0,6,1,4.4,310.57
31,Masculino,Oeste,Mobile,Hogar,Bronce,8,,3,3,0,144.0,7,1,3.3,167.52
32,Masculino,Sur,Mobile,Ropa,Bronce,8,41.8,20,1,1,114.0,1,1,4.3,202.17
48,Masculino,Sur,Mobile,Electronica,Bronce,9,1.8,25,4,1,116.0,6,1,3.7,279.84
18,Masculino,Este,Desktop,Ropa,Bronce,13,10.6,11,0,0,177.0,5,0,3.3,145.63
20,Femenino,Oeste,Desktop,Electronica,Plata,10,2.7,5,4,0,139.0,7,0,3.5,226.85
33,Masculino,Sur,Mobile,Deportes,Bronce,9,18.7,5,2,0,78.0,11,1,4.7,210.97
40,Femenino,Este,Mobile,Ropa,Oro,8,18.4,14,6,0,175.0,1,0,3.4,288.48
28,Masculino,Centro,Mobile,Electronica,Plata,7,1.4,27,2,0,35.0,5,0,3.2,250.56
29,Masculino,Oeste,Mobile,Electronica,Plata,12,29.2,10,4,1,71.0,5,0,3.4,213.95
27,Femenino,Sur,Mobile,Hogar,Bronce,2,2.6,8,3,0,157.0,5,1,3.0,157.61
49,Femenino,Centro,Desktop,Hogar,Plata,6,11.4,17,6,1,,3,1,3.9,252.65
33,Masculino,Este,Desktop,Ropa,Plata,6,50.9,19,3,0,54.0,4,1,2.9,260.13
25,Masculino,Sur,Desktop,Electronica,Oro,6,25.7,4,2,0,23.0,6,1,4.5,279.68
55,Masculino,Este,Desktop,Ropa,Oro,13,37.6,21,2,1,152.0,7,1,3.1,330.5
29,Femenino,Este,Mobile,Ropa,Plata,6,5.0,21,3,0,10.0,7,1,4.0,280.49
41,Femenino,Este,Desktop,Hogar,Plata,6,1.3,11,2,0,61.0,2,0,2.8,183.33
45,Masculino,Oeste,Mobile,Hogar,Oro,9,2.5,25,2,1,136.0,5,0,4.9,237.44
25,Femenino,Centro,Desktop,Ropa,Plata,8,8.3,27,4,1,48.0,8,1,3.6,346.22
45,Femenino,Centro,Mobile,Electronica,Bronce,14,18.9,27,3,0,112.0,6,0,4.6,234.52
53,Femenino,Norte,Desktop,Libros,Bronce,6,2.0,23,7,0,126.0,8,1,4.4,307.82
43,Femenino,Sur,Mobile,Ropa,Platino,4,12.9,17,6,0,157.0,4,1,4.3,322.67
25,Masculino,Este,Mobile,Hogar,Bronce,9,4.7,4,4,1,87.0,4,1,4.6,161.68
67,Masculino,Sur,Desktop,Electronica,Oro,7,5.0,12,4,1,26.0,3,0,2.8,269.59
45,Masculino,Centro,Mobile,Ropa,Bronce,8,13.0,26,3,0,165.0,2,0,4.2,163.28
45,Masculino,Centro,Mobile,Electronica,Plata,8,7.6,11,3,0,52.0,4,1,3.2,234.63
54,Femenino,Este,Desktop,Ropa,Plata,10,20.1,17,5,1,166.0,5,0,4.5,255.35
58,Femenino,Oeste,Desktop,Libros,Bronce,6,2.0,9,1,0,6.0,5,1,4.9,176.22
53,Masculino,Este,Mobile,Ropa,Oro,4,18.7,10,5,0,8.0,3,1,4.8,336.6
44,Masculino,Este,Mobile,Electronica,Plata,10,1.0,16,2,0,17.0,4,1,2.8,230.21
34,Masculino,Norte,Mobile,Electronica,Plata,10,2.6,22,8,0,76.0,3,1,3.4,276.73
26,Femenino,Oeste,Desktop,Ropa,Plata,5,12.8,4,5,1,34.0,9,1,3.4,226.95
50,Masculino,Sur,Mobile,Electronica,Bronce,7,,5,3,0,147.0,2,1,2.8,241.64
37,Femenino,Oeste,Desktop,Electronica,Plata,8,3.5,14,3,0,70.0,7,0,2.7,180.35
30,Masculino,Este,Mobile,Deportes,Bronce,4,4.8,13,2,1,82.0,5,0,3.5,155.06
45,Masculino,Este,Mobile,Ropa,Bronce,7,9.2,22,2,0,118.0,6,1,5.0,207.35
65,Otro,Este,Mobile,Ropa,Platino,12,2.9,10,2,0,165.0,5,1,3.9,285.23
46,Femenino,Este,Mobile,Libros,Plata,8,20.0,26,6,1,38.0,11,1,4.1,371.5
30,Masculino,Este,Desktop,Electronica,Oro,6,,15,0,1,143.0,3,0,3.7,194.33
63,Femenino,Oeste,Mobile,Libros,Plata,5,1.9,20,1,0,102.0,3,1,4.2,209.06
52,Femenino,Este,Tablet,Ropa,Bronce,8,7.5,8,3,0,40.0,5,0,4.9,181.65
23,Femenino,Centro,Mobile,Deportes,Plata,9,17.9,17,6,0,137.0,5,1,4.0,294.33
35,Masculino,Centro,Mobile,Hogar,Oro,4,4.9,23,3,0,53.0,3,1,,284.79
68,Femenino,Norte,Mobile,Deportes,Bronce,9,12.0,21,4,0,118.0,6,0,3.7,243.28
22,Femenino,Sur,Desktop,Libros,Oro,6,1.0,6,1,0,66.0,5,0,5.0,212.55
64,Femenino,Centro,Desktop,Ropa,Plata,11,11.3,11,4,0,80.0,6,0,3.5,262.61
42,Masculino,Norte,Mobile,Libros,Bronce,9,2.0,19,2,1,52.0,2,1,4.0,177.22
19,Masculino,Oeste,Tablet,Ropa,Plata,8,21.3,12,5,0,129.0,5,1,2.8,250.66
27,Masculino,Sur,Mobile,Ropa,Bronce,8,,8,3,0,158.0,6,1,2.9,185.04
47,Femenino,Este,Desktop,Ropa,Bronce,7,,15,2,0,124.0,2,1,4.7,193.93
67,Masculino,Este,Desktop,Ropa,Oro,7,22.1,21,5,0,112.0,8,1,3.3,368.25
62,Femenino,Oeste,Desktop,Electronica,Oro,7,1.0,19,1,1,1.0,5,1,3.3,259.99
22,Femenino,Sur,Tablet,Hogar,Oro,7,6.1,12,3,1,167.0,5,1,3.5,253.87
50,Masculino,Centro,Desktop,Ropa,Oro,12,5.5,23,1,1,16.0,12,0,4.9,306.74
18,Femenino,Sur,Tablet,Deportes,Platino,11,4.0,28,4,1,145.0,4,1,2.7,291.73
35,Masculino,Norte,Mobile,Deportes,Platino,7,29.1,13,2,0,112.0,7,1,4.5,284.85
49,Femenino,Oeste,Mobile,Ropa,Bronce,4,16.7,19,3,1,112.0,5,0,,183.29
64,Masculino,Centro,Desktop,Ropa,Plata,14,1.0,27,3,0,102.0,3,1,4.6,310.61
66,Femenino,Sur,Desktop,Ropa,Bronce,10,15.1,3,2,0,82.0,8,1,5.0,261.38
28,Femenino,Sur,Mobile,Electronica,Plata,11,9.0,24,4,1,150.0,3,0,3.4,257.25
38,Femenino,Centro,Mobile,Electronica,Platino,5,27.7,2,1,1,99.0,3,0,2.8,232.95
43,Femenino,Norte,Desktop,Ropa,Bronce,13,4.5,24,3,1,159.0,6,1,2.9,225.02
42,Femenino,Norte,Tablet,Ropa,Plata,8,10.2,11,3,1,40.0,4,1,4.4,233.68
39,Femenino,Sur,Mobile,Libros,Plata,5,8.3,22,2,1,155.0,7,1,2.9,194.62
44,Femenino,Este,Mobile,Hogar,Bronce,7,8.1,2,5,0,36.0,5,1,3.2,255.38
66,Femenino,Centro,Mobile,Ropa,Bronce,8,7.3,7,4,1,125.0,4,0,3.0,205.84
30,Masculino,Norte,Mobile,Hogar,Plata,10,2.8,8,2,0,4.0,3,0,3.4,184.73
50,Femenino,Norte,Desktop,Electronica,Bronce,5,16.9,18,6,1,118.0,3,0,2.7,230.46
51,Femenino,Norte,Tablet,Ropa,Plata,5,7.2,10,5,1,25.0,6,1,4.6,290.7
58,Femenino,Oeste,Mobile,Hogar,Plata,4,38.2,8,1,0,95.0,4,1,4.7,219.39
52,Masculino,Este,Desktop,Ropa,Plata,5,3.6,18,2,1,78.0,3,0,3.5,209.53
18,Femenino,Norte,Desktop,Ropa,Bronce,12,13.8,4,1,0,158.0,7,1,4.0,140.82
38,Masculino,Este,Mobile,Libros,Plata,2,33.9,17,2,1,175.0,2,1,4.1,137.35
65,Femenino,Sur,Desktop,Deportes,Bronce,7,13.1,6,4,0,12.0,7,0,4.4,248.12
23,Masculino,Sur,Desktop,Hogar,Oro,9,24.6,21,3,0,27.0,3,1,3.8,318.27
45,Femenino,Oeste,Desktop,Hogar,Bronce,9,21.1,19,3,0,173.0,6,1,3.8,228.04
34,Otro,Este,Mobile,Hogar,Oro,7,5.4,2,6,0,63.0,5,0,4.1,339.96
22,Masculino,Centro,Desktop,Electronica,Oro,10,11.0,5,1,0,55.0,4,1,4.3,250.27
48,Otro,Oeste,Mobile,Ropa,Oro,8,2.0,24,2,0,158.0,3,0,3.4,237.58
22,Masculino,Norte,Mobile,Electronica,Bronce,10,9.2,12,7,0,82.0,4,0,3.3,242.28
55,Femenino,Sur,Mobile,Ropa,Bronce,10,3.1,21,0,0,14.0,6,0,3.2,202.49
20,Femenino,Sur,Mobile,Ropa,Plata,3,16.3,10,2,0,56.0,6,1,3.9,243.0
40,Femenino,Centro,Mobile,Electronica,Bronce,4,9.0,9,2,0,147.0,3,1,3.4,164.23
54,Femenino,Oeste,Mobile,Libros,Platino,7,6.4,9,6,1,86.0,3,1,3.9,325.46
54,Femenino,Este,Desktop,Libros,Bronce,7,3.8,6,2,0,26.0,4,1,3.5,190.36
27,Masculino,Sur,Desktop,Hogar,Platino,8,79.7,13,3,0,92.0,7,1,4.6,355.03
27,Masculino,Norte,Mobile,Ropa,Oro,4,1.0,2,4,0,166.0,5,1,2.7,192.47
36,Femenino,Centro,Mobile,Deportes,Bronce,9,1.0,16,3,0,36.0,6,1,3.9,242.27
34,Femenino,Centro,Desktop,Electronica,Plata,13,2.9,26,3,1,146.0,4,1,3.9,231.76
38,Femenino,Centro,Mobile,Deportes,Bronce,8,42.5,19,2,0,78.0,2,0,3.5,231.79
31,Femenino,Norte,Mobile,Electronica,Bronce,9,46.5,7,0,0,112.0,4,1,3.6,192.69
26,Masculino,Centro,Desktop,Deportes,Bronce,10,12.8,11,2,0,23.0,6,1,4.5,240.52
63,Femenino,Este,Mobile,Ropa,Platino,5,25.5,15,6,1,119.0,6,1,3.2,328.38
18,Masculino,Este,Mobile,Deportes,Plata,6,2.9,22,4,1,116.0,7,0,4.7,220.9
68,Femenino,Oeste,Mobile,Libros,Plata,5,42.9,27,4,0,142.0,6,1,4.7,317.26
62,Masculino,Oeste,Mobile,Electronica,Bronce,10,1.8,9,3,0,22.0,2,1,4.1,195.2
30,Masculino,Este,Tablet,Ropa,Plata,7,1.3,28,4,0,28.0,6,0,4.4,270.53
21,Masculino,Norte,Mobile,Libros,Bronce,9,1.4,4,1,1,43.0,5,0,4.0,172.99
18,Masculino,Oeste,Mobile,Ropa,Bronce,11,10.2,23,3,0,76.0,3,0,3.8,170.38
66,Femenino,Centro,Desktop,Deportes,Bronce,7,18.2,23,1,0,18.0,6,1,4.9,276.22
57,Masculino,Este,Mobile,Hogar,Plata,8,5.5,27,3,0,100.0,6,1,3.2,303.14
49,Masculino,Sur,Mobile,Ropa,Plata,9,45.7,20,0,0,,11,0,2.9,329.84
51,Masculino,Norte,Desktop,Ropa,Bronce,9,6.8,13,3,0,109.0,5,1,3.2,205.94
45,Masculino,Norte,Desktop,Electronica,Platino,5,2.0,13,0,0,36.0,7,0,4.0,246.8
48,Masculino,Este,Mobile,Deportes,Bronce,10,7.5,16,4,0,125.0,5,1,3.0,203.23
25,Masculino,Sur,Mobile,Ropa,Plata,8,13.6,29,1,0,7.0,4,1,4.8,302.73
56,Femenino,Norte,Desktop,Ropa,Bronce,11,21.4,8,2,0,23.0,1,1,3.5,212.39
43,Femenino,Oeste,Mobile,Ropa,Bronce,8,7.4,28,3,0,162.0,7,0,4.6,209.92
51,Femenino,Sur,Mobile,Hogar,Platino,5,10.8,5,2,1,117.0,5,1,3.1,206.94
20,Masculino,Centro,Mobile,Deportes,Oro,9,3.7,22,7,1,114.0,4,1,3.3,317.34
67,Masculino,Oeste,Mobile,Libros,Plata,9,12.5,10,5,1,96.0,6,1,2.6,305.26
29,Femenino,Sur,Mobile,Ropa,Oro,9,51.2,23,1,1,,1,1,3.1,323.98
18,Femenino,Este,Mobile,Deportes,Oro,5,1.0,17,1,0,70.0,3,1,3.7,179.97
61,Masculino,Norte,Desktop,Deportes,Plata,10,26.1,27,3,0,175.0,5,0,4.9,294.8
22,Masculino,Oeste,Mobile,Hogar,Oro,10,9.9,14,3,0,53.0,8,1,3.5,254.26
47,Masculino,Este,Mobile,Libros,Bronce,9,3.5,5,3,0,84.0,5,1,4.1,208.55
47,Masculino,Sur,Mobile,Electronica,Plata,8,37.2,25,4,0,106.0,2,1,3.6,308.57
34,Masculino,Centro,Desktop,Electronica,Oro,8,7.9,10,2,0,41.0,11,1,2.6,296.63
65,Femenino,Norte,Mobile,Deportes,Bronce,10,4.8,27,2,0,160.0,8,1,3.8,261.13
64,Femenino,Norte,Mobile,Ropa,Oro,10,2.4,22,4,1,128.0,3,1,2.7,284.48
40,Femenino,Oeste,Mobile,Deportes,Bronce,3,3.4,19,1,0,142.0,7,0,4.7,109.92
32,Femenino,Este,Mobile,Deportes,Oro,14,21.5,16,3,1,88.0,5,1,4.4,314.88
54,Femenino,Sur,Tablet,Electronica,Bronce,11,11.4,16,5,0,103.0,3,0,3.4,239.42
38,Femenino,Sur,Desktop,Deportes,Bronce,8,29.3,7,4,0,107.0,10,1,4.1,236.39
31,Femenino,Este,Mobile,Ropa,Bronce,8,3.2,12,5,0,17.0,6,1,2.8,207.31
19,Masculino,Norte,Desktop,Ropa,Oro,8,1.5,29,3,0,25.0,7,0,4.3,333.0
28,Masculino,Este,Mobile,Hogar,Bronce,9,1.0,9,1,0,64.0,2,1,4.6,198.68
68,Masculino,Sur,Mobile,Libros,Plata,12,8.5,22,6,0,86.0,4,1,4.6,355.45
56,Femenino,Este,Mobile,Electronica,Plata,13,76.6,18,6,0,119.0,8,1,3.2,389.61
55,Femenino,Norte,Desktop,Ropa,Bronce,11,14.2,25,5,0,176.0,6,0,3.2,186.82
51,Masculino,Oeste,Mobile,Hogar,Platino,7,4.4,26,3,0,35.0,4,1,3.8,364.2
55,Femenino,Norte,Mobile,Hogar,Bronce,7,25.1,18,4,0,37.0,7,1,4.9,306.69
67,Masculino,Centro,Mobile,Hogar,Plata,5,18.3,25,2,1,55.0,5,0,4.8,252.69
51,Femenino,Centro,Mobile,Electronica,Plata,6,,27,2,0,145.0,5,1,3.4,265.12
35,Masculino,Este,Desktop,Ropa,Bronce,3,20.4,29,1,1,,4,0,4.4,182.38
47,Masculino,Norte,Desktop,Ropa,Bronce,9,4.3,19,3,0,129.0,7,0,4.8,219.46
32,Femenino,Norte,Desktop,Deportes,Oro,13,1.9,5,3,0,53.0,7,1,3.2,281.86
44,Masculino,Sur,Desktop,Ropa,Platino,7,3.1,16,4,0,73.0,5,0,4.6,308.29
68,Masculino,Oeste,Tablet,Electronica,Bronce,7,7.6,3,6,0,113.0,2,1,3.2,244.12
51,Masculino,Norte,Mobile,Libros,Bronce,11,6.6,3,4,1,13.0,5,1,3.4,210.38
69,Femenino,Este,Mobile,Electronica,Platino,6,4.1,11,4,1,47.0,1,1,3.0,312.17
55,Femenino,Sur,Mobile,Libros,Bronce,9,2.3,4,5,1,160.0,3,0,3.8,142.75
50,Masculino,Sur,Mobile,Hogar,Plata,13,17.2,9,2,1,28.0,11,1,4.6,330.65
41,Femenino,Este,Mobile,Deportes,Plata,11,55.4,21,5,0,53.0,4,0,3.8,354.18
32,Femenino,Este,Mobile,Ropa,Bronce,11,18.0,8,1,1,31.0,6,1,2.8,183.19
47,Masculino,Norte,Mobile,Electronica,Plata,8,4.2,13,2,0,8.0,5,0,3.1,238.25
59,Masculino,Norte,Mobile,Hogar,Platino,12,3.4,27,5,1,72.0,11,1,3.9,378.34
68,Masculino,Sur,Tablet,Deportes,Plata,12,2.9,20,2,0,124.0,5,1,4.0,306.78
34,Masculino,Sur,Mobile,Hogar,Oro,15,1.8,27,4,0,98.0,7,1,3.9,376.03
22,Femenino,Oeste,Mobile,Electronica,Plata,4,9.6,29,4,0,87.0,6,0,2.7,260.93
46,Masculino,Sur,Desktop,Deportes,Plata,6,11.2,16,4,0,74.0,6,1,4.4,316.96
21,Femenino,Este,Mobile,Deportes,Bronce,5,14.7,15,4,0,101.0,7,1,4.8,228.93
27,Femenino,Este,Mobile,Hogar,Oro,8,13.7,17,1,1,25.0,6,1,3.8,284.63
34,Masculino,Oeste,Mobile,Deportes,Bronce,10,4.1,28,4,0,115.0,5,0,4.3,261.24
27,Femenino,Centro,Desktop,Deportes,Bronce,7,4.8,15,3,0,33.0,2,0,4.8,190.82
34,Masculino,Centro,Desktop,Hogar,Platino,7,13.7,4,4,0,135.0,3,0,4.1,259.42
37,Femenino,Este,Desktop,Electronica,Oro,3,5.2,19,1,1,97.0,2,0,4.2,215.58
41,Femenino,Centro,Mobile,Ropa,Platino,10,2.9,29,2,0,112.0,4,0,4.3,315.34
22,Femenino,Centro,Mobile,Electronica,Bronce,9,5.6,23,1,1,174.0,6,1,3.2,140.73
51,Femenino,Oeste,Mobile,Ropa,Oro,8,3.8,7,2,1,96.0,2,0,4.0,151.89
23,Masculino,Sur,Tablet,Ropa,Plata,9,1.1,18,4,1,5.0,6,1,4.6,264.33
19,Femenino,Sur,Desktop,Electronica,Platino,7,,24,3,0,121.0,6,1,3.2,263.54
30,Femenino,Centro,Mobile,Ropa,Platino,7,,29,5,0,110.0,7,1,4.7,351.32
60,Femenino,Norte,Desktop,Electronica,Platino,10,3.0,15,3,1,17.0,5,1,4.1,313.64
60,Femenino,Oeste,Mobile,Deportes,Platino,6,1.0,15,4,1,76.0,2,0,3.6,263.18
65,Femenino,Centro,Tablet,Libros,Bronce,6,16.1,21,2,1,52.0,2,0,4.1,227.73
28,Masculino,Norte,Desktop,Electronica,Oro,8,2.9,14,5,0,140.0,7,1,3.5,304.82
68,Masculino,Norte,Mobile,Libros,Bronce,11,6.0,28,2,0,62.0,3,0,4.6,260.72
64,Femenino,Oeste,Desktop,Ropa,Oro,8,1.0,29,2,0,163.0,8,0,3.7,293.81
40,Masculino,Sur,Mobile,Ropa,Platino,11,3.1,4,2,1,21.0,3,1,4.8,298.82
33,Femenino,Este,Mobile,Electronica,Bronce,8,18.9,14,2,1,85.0,3,0,3.8,108.66
48,Femenino,Norte,Desktop,Ropa,Plata,10,19.6,25,5,0,21.0,6,1,4.2,348.87
28,Masculino,Este,Mobile,Deportes,Oro,6,2.8,3,3,0,143.0,6,1,5.0,182.95
33,Masculino,Este,Mobile,Hogar,Bronce,8,4.9,10,2,0,151.0,4,1,2.9,174.21
25,Femenino,Oeste,Desktop,Electronica,Bronce,7,1.7,14,6,1,128.0,5,1,4.3,154.81
21,Masculino,Sur,Desktop,Electronica,Bronce,7,1.0,9,0,0,159.0,7,0,2.8,103.79
57,Femenino,Oeste,Mobile,Ropa,Bronce,3,58.2,17,1,0,54.0,5,1,4.6,284.93
21,Masculino,Norte,Mobile,Ropa,Plata,11,12.8,25,6,0,26.0,5,0,4.0,279.42
42,Femenino,Sur,Desktop,Electronica,Plata,7,9.4,4,7,0,53.0,5,1,4.8,316.02
20,Masculino,Centro,Mobile,Ropa,Bronce,6,17.4,14,5,1,66.0,4,0,4.7,215.25
49,Femenino,Sur,Desktop,Deportes,Platino,11,22.0,5,5,1,167.0,6,1,2.7,319.02
20,Masculino,Oeste,Mobile,Libros,Plata,2,19.7,19,3,1,7.0,2,1,2.8,243.99
44,Femenino,Oeste,Mobile,Ropa,Plata,7,1.0,3,3,1,167.0,4,0,4.0,146.82
46,Masculino,Este,Mobile,Libros,Bronce,9,2.5,21,2,0,32.0,5,0,3.8,223.0
49,Femenino,Centro,Mobile,Ropa,Plata,8,12.8,23,2,1,154.0,7,0,2.9,217.61
67,Femenino,Sur,Desktop,Ropa,Bronce,12,5.7,22,1,1,,3,1,2.8,214.53
68,Masculino,Centro,Mobile,Electronica,Oro,6,48.5,16,1,1,157.0,9,0,3.9,268.7
36,Masculino,Este,Mobile,Hogar,Plata,13,13.1,18,2,0,153.0,2,1,2.6,195.06
38,Masculino,Centro,Desktop,Libros,Bronce,11,37.6,11,4,1,,3,1,4.7,219.9
22,Femenino,Centro,Mobile,Hogar,Platino,12,2.7,2,5,1,2.0,6,1,4.5,310.94
35,Femenino,Sur,Mobile,Ropa,Plata,4,23.9,7,2,0,175.0,5,1,4.5,182.76
45,Femenino,Centro,Mobile,Hogar,Bronce,14,4.7,4,3,0,75.0,7,0,2.5,227.44
59,Masculino,Este,Mobile,Electronica,Platino,4,54.8,20,3,1,29.0,2,0,2.6,311.95
39,Masculino,Norte,Mobile,Deportes,Plata,12,2.1,8,4,1,127.0,8,1,3.9,237.83
38,Femenino,Norte,Mobile,Ropa,Oro,5,8.7,14,8,0,49.0,7,1,5.0,383.3
23,Femenino,Oeste,Mobile,Ropa,Plata,6,18.9,14,4,0,32.0,2,0,3.4,257.21
18,Otro,Norte,Desktop,Hogar,Bronce,12,6.8,18,4,0,158.0,6,0,3.4,225.57
22,Masculino,Sur,Mobile,Hogar,Platino,9,7.6,2,2,0,15.0,3,0,2.8,234.45
58,Femenino,Oeste,Desktop,Electronica,Plata,10,51.5,15,3,1,62.0,4,0,4.2,314.21
29,Masculino,Norte,Desktop,Hogar,Bronce,9,6.6,27,2,0,78.0,5,0,4.1,183.65
43,Masculino,Norte,Mobile,Electronica,Platino,8,11.1,4,0,0,17.0,4,1,2.8,263.72
63,Femenino,Oeste,Mobile,Hogar,Plata,11,1.0,15,3,1,22.0,6,1,3.7,275.46
51,Femenino,Sur,Mobile,Deportes,Oro,7,22.2,25,2,0,158.0,5,0,4.2,257.64
66,Otro,Oeste,Mobile,Deportes,Oro,10,12.5,2,3,1,81.0,6,1,3.7,269.95
31,Masculino,Sur,Tablet,Hogar,Bronce,7,6.2,17,1,0,144.0,3,0,4.2,131.71
43,Masculino,Sur,Desktop,Ropa,Bronce,16,1.0,11,3,1,8.0,4,1,4.5,218.14
62,Femenino,Este,Desktop,Electronica,Bronce,7,10.7,14,0,1,167.0,3,1,4.2,175.75
44,Femenino,Norte,Desktop,Deportes,Oro,12,1.0,5,2,0,31.0,4,1,4.0,266.54
26,Masculino,Norte,Mobile,Ropa,Bronce,5,1.0,10,3,1,12.0,4,0,4.6,172.94
43,Masculino,Centro,Mobile,Ropa,Bronce,7,11.5,15,3,1,,5,0,4.8,214.39
64,Masculino,Oeste,Mobile,Ropa,Bronce,11,2.5,5,0,1,12.0,4,1,3.5,190.97
39,Femenino,Este,Desktop,Electronica,Bronce,8,2.6,11,5,0,25.0,6,0,2.9,230.64
64,Masculino,Norte,Desktop,Hogar,Plata,11,12.7,9,2,0,166.0,5,0,4.5,214.5
47,Masculino,Centro,Mobile,Electronica,Platino,6,1.0,24,5,0,,7,0,3.0,375.36
60,Masculino,Este,Mobile,Hogar,Bronce,9,,4,3,0,83.0,5,1,4.8,239.52
65,Masculino,Sur,Mobile,Ropa,Plata,7,1.9,24,3,0,55.0,5,0,2.6,262.24
34,Masculino,Norte,Desktop,Electronica,Oro,5,10.4,8,3,0,131.0,6,1,4.8,239.7
43,Femenino,Oeste,Tablet,Ropa,Plata,8,13.0,11,2,1,125.0,3,1,4.0,202.03
53,Masculino,Este,Mobile,Electronica,Platino,4,15.3,4,5,0,69.0,7,0,4.4,326.0
18,Femenino,Centro,Mobile,Ropa,Plata,4,3.5,3,2,1,163.0,6,1,3.5,180.7
25,Masculino,Oeste,Mobile,Hogar,Bronce,4,1.1,16,2,1,51.0,7,0,5.0,133.19
66,Femenino,Sur,Mobile,Electronica,Platino,12,1.0,10,2,0,27.0,7,1,3.1,355.39
52,Femenino,Oeste,Desktop,Deportes,Plata,6,6.7,16,3,0,165.0,5,1,3.2,255.81
69,Femenino,Centro,Mobile,Electronica,Bronce,9,35.0,18,2,1,144.0,5,1,2.6,198.83
32,Femenino,Sur,Desktop,Electronica,Bronce,8,2.9,8,2,0,25.0,5,1,4.9,202.05
64,Masculino,Centro,Mobile,Hogar,Platino,4,3.6,21,2,0,33.0,7,0,3.6,288.51
39,Masculino,Norte,Mobile,Ropa,Oro,10,1.3,19,1,1,,3,1,4.2,259.42
31,Femenino,Centro,Mobile,Electronica,Plata,13,11.2,16,3,0,145.0,6,1,4.2,247.28
43,Otro,Oeste,Desktop,Ropa,Oro,7,13.7,19,0,1,171.0,6,0,4.7,204.29
45,Femenino,Norte,Desktop,Ropa,Plata,6,12.4,25,1,1,30.0,3,0,4.2,214.1
40,Femenino,Norte,Mobile,Deportes,Bronce,11,23.7,24,6,0,41.0,8,0,3.9,330.14
31,Femenino,Este,Mobile,Ropa,Oro,6,8.0,13,1,1,117.0,7,0,,212.03
41,Masculino,Oeste,Mobile,Deportes,Oro,8,1.7,24,5,0,4.0,3,1,,340.91
19,Masculino,Oeste,Mobile,Deportes,Plata,6,4.1,22,2,1,66.0,4,0,3.0,191.34
62,Femenino,Sur,Desktop,Ropa,Bronce,13,13.0,27,5,1,60.0,2,1,2.8,299.01
43,Femenino,Centro,Mobile,Libros,Bronce,7,11.4,9,3,0,137.0,4,0,2.7,160.43
31,Masculino,Centro,Mobile,Ropa,Oro,5,9.1,3,0,0,31.0,3,0,3.4,232.94
68,Femenino,Oeste,Desktop,Libros,Oro,8,13.8,3,1,0,89.0,5,0,3.7,210.39
24,Masculino,Centro,Mobile,Electronica,Plata,5,12.2,6,3,0,100.0,6,0,4.0,153.19
20,Femenino,Oeste,Mobile,Hogar,Oro,12,25.6,2,0,1,119.0,6,1,4.9,178.3
64,Masculino,Norte,Mobile,Ropa,Oro,11,10.6,23,1,0,69.0,4,1,3.3,252.23
40,Masculino,Centro,Desktop,Ropa,Oro,11,18.1,5,0,0,152.0,4,0,4.4,223.45
63,Femenino,Centro,Desktop,Hogar,Bronce,8,3.4,7,4,0,24.0,5,1,3.8,262.56
60,Masculino,Oeste,Mobile,Hogar,Bronce,5,13.6,24,1,0,173.0,8,1,,241.61
64,Femenino,Oeste,Desktop,Electronica,Plata,9,27.9,14,0,1,165.0,5,1,4.0,195.76
62,Femenino,Sur,Mobile,Electronica,Bronce,12,5.8,20,2,0,23.0,8,1,4.9,304.8
35,Femenino,Centro,Desktop,Hogar,Oro,14,18.1,12,4,1,163.0,2,1,2.8,261.24
55,Masculino,Este,Tablet,Hogar,Platino,4,15.5,14,4,1,63.0,7,1,3.8,333.36
